Workbook

Sheet HƯỚNG DẪN
A1: HỆ THỐNG QUẢN LÝ VẬN HÀNH XE TẢI - 2 CẤP
A2: Công ty TNHH Đầu tư Thương mại và Quảng cáo AN AN · 2 xe: 51D98246 (HINO), 51D69998 (ISUZU)
A4: MÀU Ô
A5: Xanh nhạt | B5: Admin nhập (cấp 1)
A6: Cam nhạt | B6: Quản lý nhập hoặc duyệt (cấp 2)
A7: Xám | B7: Công thức tự tính - không sửa
A9: CẤP 1 - ADMIN (tab xanh): nhập liệu và theo dõi hằng ngày
A10: LỆNH ĐIỀU XE | B10: Lập TRƯỚC khi xe chạy. 1 dòng = 1 chuyến: xe, tài xế, loại chuyến, công trình, km và giờ về dự kiến, khối lượng hàng, có tăng ca không.
A11: NHẬT KÝ NGÀY | B11: Sáng hôm sau: nhập 1 dòng cho mỗi xe từ 'Báo cáo tổng hợp' GPS Bình Minh, tick ảnh tài xế gửi và kiểm lốp. Xem cột 'Ngoại lệ cần xem' rồi nhắc tài xế ngay.
A12: CHẶNG TĂNG CA | B12: Chỉ nhập các chặng mở máy/tắt máy rơi vào trước 08h hoặc sau 17h. File tự cắt 4 khung giờ.
A13: NHẬT KÝ DẦU | B13: Mỗi lần đổ dầu: số lít, đơn giá, km đồng hồ, lít GPS ghi nhận, đủ 3 ảnh hay không.
A14: SỔ SỰ CỐ - CHI PHÍ | B14: Nổ lốp, hỏng xe, phạt nguội (tra thứ 2 hằng tuần), phí đường, bảo dưỡng, sửa chữa. Ghi rõ bên chịu và công trình.
A15: LỊCH XE - TÀI XẾ | B15: Cập nhật ngày hết hạn mỗi khi gia hạn. Báo quản lý khi có dòng vàng hoặc đỏ.
A17: CẤP 2 - QUẢN LÝ (tab cam): duyệt và ra quyết định
A18: Hằng ngày (2 phút) | B18: Không cần mở file. Admin chỉ báo khi có ngoại lệ nặng: không có lệnh, quá tải, sự cố.
A19: Thứ 7 hằng tuần | B19: Mở NHẬT KÝ NGÀY, lọc cột 'Đề xuất duyệt', chọn Quyết định OT ở cột cam. Sau đó xem BÁO CÁO TUẦN để chốt công và điểm tuân thủ từng tài xế.
A20: Đầu tháng | B20: Xem BÁO CÁO THÁNG: tỉ lệ lăn bánh, dầu so với định mức, chi phí/km, chi phí phân bổ theo công trình, lịch sắp đến hạn.
A21: THAM SỐ | B21: Chỉ quản lý sửa: định mức dầu, tải cho phép, đơn giá tăng ca, các ngưỡng cảnh báo, danh mục công trình.
A23: QUY TẮC VẬN HÀNH
A24: 1 | B24: Không có lệnh điều xe thì không duyệt tăng ca.
A25: 2 | B25: Tăng ca 'Đủ điều kiện' khi lệnh có ghi tăng ca VÀ chuyến đúng định mức (không trễ giờ về quá 30 phút, km không lệch quá 15%).
A26: 3 | B26: Khối lượng hàng trên lệnh không vượt tải cho phép của xe. Chuyến 'QUÁ TẢI' phải tách chuyến hoặc đổi xe.
A27: 4 | B27: Tài xế gửi ảnh ở 3 mốc: xuất phát, từng điểm giao, về xưởng; kiểm lốp trước khi chạy.
A28: 5 | B28: Mỗi chỉ số đỏ phải có một hành động: nhắc tài xế, trừ điểm tuân thủ, hoặc sửa cách điều xe.
A30: LƯU Ý
A31: Dữ liệu mẫu | B31: Các dòng ngày 05–09/10/2026 có ghi chú 'MẪU' là số minh họa để thấy cách file chạy. Xóa trước khi dùng thật (chỉ xóa ô xanh và cam, không xóa ô xám).
A32: Thêm xe, tài xế | B32: Thêm vào dòng trống ở THAM SỐ. Báo cáo tuần có sẵn 4 cột tài xế, báo cáo tháng có sẵn 3 cột xe.
A33: Thời lượng | B33: Cột TG lăn bánh, TG máy nổ nhập dạng giờ:phút (6:45). Giờ mở/tắt máy nhập dạng 06:38.
A34: Tải cho phép ISUZU | B34: Đang tạm ghi 1.900 kg - cần đối chiếu giấy đăng kiểm rồi sửa ở THAM SỐ.

Sheet LỆNH ĐIỀU XE
A1: LỆNH ĐIỀU XE
A2: CẤP 1 - Admin lập TRƯỚC khi xe lăn bánh, 1 dòng = 1 chuyến. Việc phát sinh trong ngày: thêm dòng, chọn 'Bổ sung trong ngày'.
A3: TỰ TÍNH | B3: ADMIN NHẬP | R3: TỰ TÍNH
A4: Mã lệnh | B4: Ngày | C4: Xe | D4: Tài xế | E4: Loại chuyến | F4: Công trình / Dự án | G4: Điểm đi | H4: Điểm đến / các điểm giao | I4: Số điểm giao | J4: Km dự kiến | K4: Giờ đi dự kiến | L4: Giờ về dự kiến | M4: Khối lượng hàng (kg) | N4: Có tăng ca kế hoạch | O4: Giờ tăng ca dự kiến | P4: Người lập | Q4: Thời điểm lập | R4: Tải cho phép (kg) | S4: % tải | T4: Cảnh báo tải | U4: Giờ về quy đổi | V4: Ghi chú
A5: =IF(B5="","","LDX-"&TEXT(B5,"yymmdd")&"-"&TEXT(COUNTIFS(B$5:B5,B5),"00")) -> LDX-261005-01 | B5: 46300 | C5: 51D98246 | D5: Nguyễn Chí Cang | E5: Trung chuyển kho | F5: Trung chuyển kho | G5: Xưởng Thới An | H5: Xưởng Cần Thơ | I5: 1 | J5: 175 | K5: 0.27083333 | L5: 0.77083333 | M5: 1500 | N5: Có | O5: 1.5 | P5: Admin | Q5: Trước chuyến | R5: =IF(C5="","",IFERROR(INDEX('THAM SỐ'!$F$5:$F$7,MATCH(C5,'THAM SỐ'!$A$5:$A$7,0)),"")) -> 1750 | S5: =IF(OR(M5="",R5="",R5=0),"",M5/R5) -> 0.85714286 | T5: =IF(S5="","",IF(S5>1,"QUÁ TẢI",IF(S5>0.9,"Sát tải","Đạt"))) -> Đạt | U5: =IF(L5="","",L5+(L5<4/24)) -> 0.77083333 | V5: MẪU
A6: =IF(B6="","","LDX-"&TEXT(B6,"yymmdd")&"-"&TEXT(COUNTIFS(B$5:B6,B6),"00")) -> LDX-261005-02 | B6: 46300 | C6: 51D69998 | D6: Khải | E6: Rải vật tư công trình | F6: Nippon Đức Tài | G6: Xưởng Thới An | H6: 611 Lạc Long Quân | I6: 2 | J6: 38 | K6: 0.33333333 | L6: 0.625 | M6: 900 | N6: Không | P6: Admin | Q6: Trước chuyến | R6: =IF(C6="","",IFERROR(INDEX('THAM SỐ'!$F$5:$F$7,MATCH(C6,'THAM SỐ'!$A$5:$A$7,0)),"")) -> 1900 | S6: =IF(OR(M6="",R6="",R6=0),"",M6/R6) -> 0.47368421 | T6: =IF(S6="","",IF(S6>1,"QUÁ TẢI",IF(S6>0.9,"Sát tải","Đạt"))) -> Đạt | U6: =IF(L6="","",L6+(L6<4/24)) -> 0.625 | V6: MẪU
A7: =IF(B7="","","LDX-"&TEXT(B7,"yymmdd")&"-"&TEXT(COUNTIFS(B$5:B7,B7),"00")) -> LDX-261006-01 | B7: 46301 | C7: 51D98246 | D7: Nguyễn Chí Cang | E7: Trung chuyển kho | F7: Trung chuyển kho | G7: Xưởng Cần Thơ | H7: Xưởng Thới An | I7: 1 | J7: 175 | K7: 0.33333333 | L7: 0.58333333 | M7: 1200 | N7: Không | P7: Admin | Q7: Trước chuyến | R7: =IF(C7="","",IFERROR(INDEX('THAM SỐ'!$F$5:$F$7,MATCH(C7,'THAM SỐ'!$A$5:$A$7,0)),"")) -> 1750 | S7: =IF(OR(M7="",R7="",R7=0),"",M7/R7) -> 0.68571429 | T7: =IF(S7="","",IF(S7>1,"QUÁ TẢI",IF(S7>0.9,"Sát tải","Đạt"))) -> Đạt | U7: =IF(L7="","",L7+(L7<4/24)) -> 0.58333333 | V7: MẪU
A8: =IF(B8="","","LDX-"&TEXT(B8,"yymmdd")&"-"&TEXT(COUNTIFS(B$5:B8,B8),"00")) -> LDX-261006-02 | B8: 46301 | C8: 51D69998 | D8: Khải | E8: Giao hàng dự án | F8: POSM CENTURY 2026 | G8: Xưởng Thới An | H8: 3 điểm Bình Dương | I8: 3 | J8: 85 | K8: 0.33333333 | L8: 0.70833333 | M8: 1600 | N8: Không | P8: Admin | Q8: Trước chuyến | R8: =IF(C8="","",IFERROR(INDEX('THAM SỐ'!$F$5:$F$7,MATCH(C8,'THAM SỐ'!$A$5:$A$7,0)),"")) -> 1900 | S8: =IF(OR(M8="",R8="",R8=0),"",M8/R8) -> 0.84210526 | T8: =IF(S8="","",IF(S8>1,"QUÁ TẢI",IF(S8>0.9,"Sát tải","Đạt"))) -> Đạt | U8: =IF(L8="","",L8+(L8<4/24)) -> 0.70833333 | V8: MẪU
A9: =IF(B9="","","LDX-"&TEXT(B9,"yymmdd")&"-"&TEXT(COUNTIFS(B$5:B9,B9),"00")) -> LDX-261007-01 | B9: 46302 | C9: 51D98246 | D9: Nguyễn Chí Cang | E9: Giao hàng dự án | F9: Galaxy | G9: Xưởng Thới An | H9: 2 rạp nội thành | I9: 2 | J9: 46 | K9: 0.33333333 | L9: 0.79166667 | M9: 1900 | N9: Có | O9: 2 | P9: Admin | Q9: Trước chuyến | R9: =IF(C9="","",IFERROR(INDEX('THAM SỐ'!$F$5:$F$7,MATCH(C9,'THAM SỐ'!$A$5:$A$7,0)),"")) -> 1750 | S9: =IF(OR(M9="",R9="",R9=0),"",M9/R9) -> 1.0857143 | T9: =IF(S9="","",IF(S9>1,"QUÁ TẢI",IF(S9>0.9,"Sát tải","Đạt"))) -> QUÁ TẢI | U9: =IF(L9="","",L9+(L9<4/24)) -> 0.79166667 | V9: MẪU
A10: =IF(B10="","","LDX-"&TEXT(B10,"yymmdd")&"-"&TEXT(COUNTIFS(B$5:B10,B10),"00")) -> LDX-261007-02 | B10: 46302 | C10: 51D69998 | D10: Khải | E10: Rải vật tư công trình | F10: Nippon Đức Tài | G10: Xưởng Thới An | H10: Hóc Môn, Bà Điểm | I10: 3 | J10: 42 | K10: 0.33333333 | L10: 0.66666667 | M10: 700 | N10: Không | P10: Admin | Q10: Bổ sung trong ngày | R10: =IF(C10="","",IFERROR(INDEX('THAM SỐ'!$F$5:$F$7,MATCH(C10,'THAM SỐ'!$A$5:$A$7,0)),"")) -> 1900 | S10: =IF(OR(M10="",R10="",R10=0),"",M10/R10) -> 0.36842105 | T10: =IF(S10="","",IF(S10>1,"QUÁ TẢI",IF(S10>0.9,"Sát tải","Đạt"))) -> Đạt | U10: =IF(L10="","",L10+(L10<4/24)) -> 0.66666667 | V10: MẪU
A11: =IF(B11="","","LDX-"&TEXT(B11,"yymmdd")&"-"&TEXT(COUNTIFS(B$5:B11,B11),"00")) -> LDX-261008-01 | B11: 46303 | C11: 51D98246 | D11: Nguyễn Chí Cang | E11: Rải vật tư công trình | F11: POSM CENTURY 2026 | G11: Xưởng Thới An | H11: Long An, Tiền Giang | I11: 4 | J11: 160 | K11: 0.29166667 | L11: 0.72916667 | M11: 1400 | N11: Có | O11: 1 | P11: Admin | Q11: Trước chuyến | R11: =IF(C11="","",IFERROR(INDEX('THAM SỐ'!$F$5:$F$7,MATCH(C11,'THAM SỐ'!$A$5:$A$7,0)),"")) -> 1750 | S11: =IF(OR(M11="",R11="",R11=0),"",M11/R11) -> 0.8 | T11: =IF(S11="","",IF(S11>1,"QUÁ TẢI",IF(S11>0.9,"Sát tải","Đạt"))) -> Đạt | U11: =IF(L11="","",L11+(L11<4/24)) -> 0.72916667 | V11: MẪU
A12: =IF(B12="","","LDX-"&TEXT(B12,"yymmdd")&"-"&TEXT(COUNTIFS(B$5:B12,B12),"00")) -> LDX-261008-02 | B12: 46303 | C12: 51D69998 | D12: Khải | E12: Giao hàng dự án | F12: Galaxy | G12: Xưởng Thới An | H12: Rạp Quận 7 | I12: 1 | J12: 52 | K12: 0.375 | L12: 0.58333333 | M12: 1100 | N12: Không | P12: Admin | Q12: Lập bù | R12: =IF(C12="","",IFERROR(INDEX('THAM SỐ'!$F$5:$F$7,MATCH(C12,'THAM SỐ'!$A$5:$A$7,0)),"")) -> 1900 | S12: =IF(OR(M12="",R12="",R12=0),"",M12/R12) -> 0.57894737 | T12: =IF(S12="","",IF(S12>1,"QUÁ TẢI",IF(S12>0.9,"Sát tải","Đạt"))) -> Đạt | U12: =IF(L12="","",L12+(L12<4/24)) -> 0.58333333 | V12: MẪU
A13: =IF(B13="","","LDX-"&TEXT(B13,"yymmdd")&"-"&TEXT(COUNTIFS(B$5:B13,B13),"00")) -> LDX-261009-01 | B13: 46304 | C13: 51D98246 | D13: Nguyễn Chí Cang | E13: Trung chuyển kho | F13: Trung chuyển kho | G13: Xưởng Thới An | H13: Xưởng Cần Thơ rồi quay về | I13: 1 | J13: 350 | K13: 0.22916667 | L13: 0.83333333 | M13: 1700 | N13: Có | O13: 3 | P13: Admin | Q13: Trước chuyến | R13: =IF(C13="","",IFERROR(INDEX('THAM SỐ'!$F$5:$F$7,MATCH(C13,'THAM SỐ'!$A$5:$A$7,0)),"")) -> 1750 | S13: =IF(OR(M13="",R13="",R13=0),"",M13/R13) -> 0.97142857 | T13: =IF(S13="","",IF(S13>1,"QUÁ TẢI",IF(S13>0.9,"Sát tải","Đạt"))) -> Sát tải | U13: =IF(L13="","",L13+(L13<4/24)) -> 0.83333333 | V13: MẪU
A14: =IF(B14="","","LDX-"&TEXT(B14,"yymmdd")&"-"&TEXT(COUNTIFS(B$5:B14,B14),"00")) | R14: =IF(C14="","",IFERROR(INDEX('THAM SỐ'!$F$5:$F$7,MATCH(C14,'THAM SỐ'!$A$5:$A$7,0)),"")) | S14: =IF(OR(M14="",R14="",R14=0),"",M14/R14) | T14: =IF(S14="","",IF(S14>1,"QUÁ TẢI",IF(S14>0.9,"Sát tải","Đạt"))) | U14: =IF(L14="","",L14+(L14<4/24))
A15: =IF(B15="","","LDX-"&TEXT(B15,"yymmdd")&"-"&TEXT(COUNTIFS(B$5:B15,B15),"00")) | R15: =IF(C15="","",IFERROR(INDEX('THAM SỐ'!$F$5:$F$7,MATCH(C15,'THAM SỐ'!$A$5:$A$7,0)),"")) | S15: =IF(OR(M15="",R15="",R15=0),"",M15/R15) | T15: =IF(S15="","",IF(S15>1,"QUÁ TẢI",IF(S15>0.9,"Sát tải","Đạt"))) | U15: =IF(L15="","",L15+(L15<4/24))
A16: =IF(B16="","","LDX-"&TEXT(B16,"yymmdd")&"-"&TEXT(COUNTIFS(B$5:B16,B16),"00")) | R16: =IF(C16="","",IFERROR(INDEX('THAM SỐ'!$F$5:$F$7,MATCH(C16,'THAM SỐ'!$A$5:$A$7,0)),"")) | S16: =IF(OR(M16="",R16="",R16=0),"",M16/R16) | T16: =IF(S16="","",IF(S16>1,"QUÁ TẢI",IF(S16>0.9,"Sát tải","Đạt"))) | U16: =IF(L16="","",L16+(L16<4/24))
A17: =IF(B17="","","LDX-"&TEXT(B17,"yymmdd")&"-"&TEXT(COUNTIFS(B$5:B17,B17),"00")) | R17: =IF(C17="","",IFERROR(INDEX('THAM SỐ'!$F$5:$F$7,MATCH(C17,'THAM SỐ'!$A$5:$A$7,0)),"")) | S17: =IF(OR(M17="",R17="",R17=0),"",M17/R17) | T17: =IF(S17="","",IF(S17>1,"QUÁ TẢI",IF(S17>0.9,"Sát tải","Đạt"))) | U17: =IF(L17="","",L17+(L17<4/24))
A18: =IF(B18="","","LDX-"&TEXT(B18,"yymmdd")&"-"&TEXT(COUNTIFS(B$5:B18,B18),"00")) | R18: =IF(C18="","",IFERROR(INDEX('THAM SỐ'!$F$5:$F$7,MATCH(C18,'THAM SỐ'!$A$5:$A$7,0)),"")) | S18: =IF(OR(M18="",R18="",R18=0),"",M18/R18) | T18: =IF(S18="","",IF(S18>1,"QUÁ TẢI",IF(S18>0.9,"Sát tải","Đạt"))) | U18: =IF(L18="","",L18+(L18<4/24))
A19: =IF(B19="","","LDX-"&TEXT(B19,"yymmdd")&"-"&TEXT(COUNTIFS(B$5:B19,B19),"00")) | R19: =IF(C19="","",IFERROR(INDEX('THAM SỐ'!$F$5:$F$7,MATCH(C19,'THAM SỐ'!$A$5:$A$7,0)),"")) | S19: =IF(OR(M19="",R19="",R19=0),"",M19/R19) | T19: =IF(S19="","",IF(S19>1,"QUÁ TẢI",IF(S19>0.9,"Sát tải","Đạt"))) | U19: =IF(L19="","",L19+(L19<4/24))
A20: =IF(B20="","","LDX-"&TEXT(B20,"yymmdd")&"-"&TEXT(COUNTIFS(B$5:B20,B20),"00")) | R20: =IF(C20="","",IFERROR(INDEX('THAM SỐ'!$F$5:$F$7,MATCH(C20,'THAM SỐ'!$A$5:$A$7,0)),"")) | S20: =IF(OR(M20="",R20="",R20=0),"",M20/R20) | T20: =IF(S20="","",IF(S20>1,"QUÁ TẢI",IF(S20>0.9,"Sát tải","Đạt"))) | U20: =IF(L20="","",L20+(L20<4/24))
A21: =IF(B21="","","LDX-"&TEXT(B21,"yymmdd")&"-"&TEXT(COUNTIFS(B$5:B21,B21),"00")) | R21: =IF(C21="","",IFERROR(INDEX('THAM SỐ'!$F$5:$F$7,MATCH(C21,'THAM SỐ'!$A$5:$A$7,0)),"")) | S21: =IF(OR(M21="",R21="",R21=0),"",M21/R21) | T21: =IF(S21="","",IF(S21>1,"QUÁ TẢI",IF(S21>0.9,"Sát tải","Đạt"))) | U21: =IF(L21="","",L21+(L21<4/24))
A22: =IF(B22="","","LDX-"&TEXT(B22,"yymmdd")&"-"&TEXT(COUNTIFS(B$5:B22,B22),"00")) | R22: =IF(C22="","",IFERROR(INDEX('THAM SỐ'!$F$5:$F$7,MATCH(C22,'THAM SỐ'!$A$5:$A$7,0)),"")) | S22: =IF(OR(M22="",R22="",R22=0),"",M22/R22) | T22: =IF(S22="","",IF(S22>1,"QUÁ TẢI",IF(S22>0.9,"Sát tải","Đạt"))) | U22: =IF(L22="","",L22+(L22<4/24))
A23: =IF(B23="","","LDX-"&TEXT(B23,"yymmdd")&"-"&TEXT(COUNTIFS(B$5:B23,B23),"00")) | R23: =IF(C23="","",IFERROR(INDEX('THAM SỐ'!$F$5:$F$7,MATCH(C23,'THAM SỐ'!$A$5:$A$7,0)),"")) | S23: =IF(OR(M23="",R23="",R23=0),"",M23/R23) | T23: =IF(S23="","",IF(S23>1,"QUÁ TẢI",IF(S23>0.9,"Sát tải","Đạt"))) | U23: =IF(L23="","",L23+(L23<4/24))
A24: =IF(B24="","","LDX-"&TEXT(B24,"yymmdd")&"-"&TEXT(COUNTIFS(B$5:B24,B24),"00")) | R24: =IF(C24="","",IFERROR(INDEX('THAM SỐ'!$F$5:$F$7,MATCH(C24,'THAM SỐ'!$A$5:$A$7,0)),"")) | S24: =IF(OR(M24="",R24="",R24=0),"",M24/R24) | T24: =IF(S24="","",IF(S24>1,"QUÁ TẢI",IF(S24>0.9,"Sát tải","Đạt"))) | U24: =IF(L24="","",L24+(L24<4/24))
A25: =IF(B25="","","LDX-"&TEXT(B25,"yymmdd")&"-"&TEXT(COUNTIFS(B$5:B25,B25),"00")) | R25: =IF(C25="","",IFERROR(INDEX('THAM SỐ'!$F$5:$F$7,MATCH(C25,'THAM SỐ'!$A$5:$A$7,0)),"")) | S25: =IF(OR(M25="",R25="",R25=0),"",M25/R25) | T25: =IF(S25="","",IF(S25>1,"QUÁ TẢI",IF(S25>0.9,"Sát tải","Đạt"))) | U25: =IF(L25="","",L25+(L25<4/24))
... A604: =IF(B604="","","LDX-"&TEXT(B604,"yymmdd")&"-"&TEXT(COUNTIFS(B$5:B604,B604),"00")) | R604: =IF(C604="","",IFERROR(INDEX('THAM SỐ'!$F$5:$F$7,MATCH(C604,'THAM SỐ'!$A$5:$A$7,0)),"")) | S604: =IF(OR(M604="",R604="",R604=0),"",M604/R604) | T604: =IF(S604="","",IF(S604>1,"QUÁ TẢI",IF(S604>0.9,"Sát tải","Đạt"))) | U604: =IF(L604="","",L604+(L604<4/24))

Sheet NHẬT KÝ NGÀY
A1: NHẬT KÝ NGÀY
A2: 1 dòng = 1 xe trong 1 ngày. CẤP 1 nhập cột xanh từ 'Báo cáo tổng hợp' GPS + ảnh Zalo của tài xế. CẤP 2 chỉ nhập cột cam (duyệt tăng ca). Thời lượng nhập dạng giờ:phút (vd 6:45).
A3: ADMIN NHẬP - TỪ GPS BÌNH MINH | N3: ĐỐI CHIẾU LỆNH | P3: TÀI XẾ BÁO CÁO | T3: TỰ TÍNH - VẬN HÀNH | AC3: TỰ TÍNH - TĂNG CA & NGOẠI LỆ | AM3: CẤP 2 DUYỆT
A4: Ngày | B4: Xe | C4: Tài xế | D4: Km GPS | E4: TG lăn bánh | F4: TG máy nổ | G4: Mở máy đầu | H4: Tắt máy cuối | I4: Số lần dừng đỗ | J4: Số lần quá tốc độ | K4: Số lần lái quá 4h | L4: Dừng >10p không tắt máy | M4: Nhiên liệu GPS (L) | N4: Dừng ngoài lệnh (lần) | O4: Dừng ngoài lệnh (phút) | P4: Ảnh xuất phát | Q4: Ảnh điểm giao | R4: Ảnh về xưởng | S4: Kiểm lốp đầu ngày | T4: Số lệnh | U4: Km dự kiến | V4: Lệch km | W4: Giờ có mặt | X4: Giờ lăn bánh | Y4: Giờ chờ | Z4: Tỉ lệ lăn bánh | AA4: Nổ máy đứng yên (giờ) | AB4: L/100km (GPS) | AC4: OT 04–08 | AD4: OT 17–22 | AE4: OT 22–24 | AF4: OT 24–04 | AG4: Tổng OT theo GPS | AH4: Có OT trong lệnh | AI4: Trễ giờ về (phút) | AJ4: Chuyến đúng định mức | AK4: Đề xuất duyệt | AL4: Ngoại lệ cần xem | AM4: Quyết định OT | AN4: Giờ duyệt (nếu một phần) | AO4: Giờ OT được duyệt | AP4: Tiền OT được duyệt | AQ4: Ghi chú
A5: 46300 | B5: 51D98246 | C5: Nguyễn Chí Cang | D5: 181 | E5: 0.18055556 | F5: 0.21527778 | G5: 0.26527778 | H5: 0.77777778 | I5: 6 | J5: 0 | K5: 0 | L5: 0 | M5: 20.5 | N5: 0 | O5: 0 | P5: Đủ | Q5: Đủ | R5: Đủ | S5: Đạt | T5: =IF($A5="","",COUNTIFS('LỆNH ĐIỀU XE'!$B$5:$B$604,$A5,'LỆNH ĐIỀU XE'!$C$5:$C$604,$B5)) -> 1 | U5: =IF($A5="","",SUMIFS('LỆNH ĐIỀU XE'!$J$5:$J$604,'LỆNH ĐIỀU XE'!$B$5:$B$604,$A5,'LỆNH ĐIỀU XE'!$C$5:$C$604,$B5)) -> 175 | V5: =IF(OR($A5="",D5="",N(U5)=0),"",(D5-U5)/U5) -> 0.034285714 | W5: =IF(OR($A5="",G5="",H5=""),"",ROUND((H5+(H5<G5)-G5)*24,2)) -> 12.3 | X5: =IF(OR($A5="",E5=""),"",ROUND(E5*24,2)) -> 4.33 | Y5: =IF(OR(W5="",X5=""),"",MAX(0,W5-X5)) -> 7.97 | Z5: =IF(OR(W5="",X5="",N(W5)=0),"",X5/W5) -> 0.35203252 | AA5: =IF(OR($A5="",F5="",X5=""),"",MAX(0,ROUND(F5*24-X5,2))) -> 0.84 | AB5: =IF(OR($A5="",M5="",N(D5)=0),"",M5/D5*100) -> 11.325967 | AC5: =IF($A5="","",SUMIFS('CHẶNG TĂNG CA'!$E$5:$E$304,'CHẶNG TĂNG CA'!$A$5:$A$304,$A5,'CHẶNG TĂNG CA'!$B$5:$B$304,$B5)) -> 1.63 | AD5: =IF($A5="","",SUMIFS('CHẶNG TĂNG CA'!$F$5:$F$304,'CHẶNG TĂNG CA'!$A$5:$A$304,$A5,'CHẶNG TĂNG CA'!$B$5:$B$304,$B5)) -> 1.67 | AE5: =IF($A5="","",SUMIFS('CHẶNG TĂNG CA'!$G$5:$G$304,'CHẶNG TĂNG CA'!$A$5:$A$304,$A5,'CHẶNG TĂNG CA'!$B$5:$B$304,$B5)) -> 0 | AF5: =IF($A5="","",SUMIFS('CHẶNG TĂNG CA'!$H$5:$H$304,'CHẶNG TĂNG CA'!$A$5:$A$304,$A5,'CHẶNG TĂNG CA'!$B$5:$B$304,$B5)) -> 0 | AG5: =IF($A5="","",SUM(AC5:AF5)) -> 3.3 | AH5: =IF($A5="","",IF(COUNTIFS('LỆNH ĐIỀU XE'!$B$5:$B$604,$A5,'LỆNH ĐIỀU XE'!$C$5:$C$604,$B5,'LỆNH ĐIỀU XE'!$N$5:$N$604,"Có")>0,"Có","Không")) -> Có | AI5: =IF(OR($A5="",H5="",N(T5)=0),"",IF(_xlfn.MAXIFS('LỆNH ĐIỀU XE'!$U$5:$U$604,'LỆNH ĐIỀU XE'!$B$5:$B$604,$A5,'LỆNH ĐIỀU XE'!$C$5:$C$604,$B5)=0,"",ROUND((H5+(H5<4/24)-_xlfn.MAXIFS('LỆNH ĐIỀU XE'!$U$5:$U$604,'LỆNH ĐIỀU XE'!$B$5:$B$604,$A5,'LỆNH ĐIỀU XE'!$C$5:$C$604,$B5))*1440,0))) -> 10 | AJ5: =IF($A5="","",IF(OR(AI5="",V5=""),"Thiếu dữ liệu",IF(AND(AI5<='THAM SỐ'!$B$29,ABS(V5)<='THAM SỐ'!$B$28),"Đạt","Không đạt"))) -> Đạt | AK5: =IF($A5="","",IF(AG5=0,"Không có OT",IF(AND(AH5="Có",AJ5="Đạt"),"Đủ điều kiện","Cần giải trình"))) -> Đủ điều kiện | AL5: =IF($A5="","",TRIM(IF(T5=0,"Không có lệnh; ","")&IF(N(N5)>0,"Dừng ngoài lệnh; ","")&IF(N(J5)>0,"Quá tốc độ; ","")&IF(N(K5)>0,"Lái quá 4h; ","")&IF(N(L5)>0,"Không tắt máy; ","")&IF(OR(P5<>"Đủ",Q5<>"Đủ",R5<>"Đủ"),"Thiếu ảnh; ","")&IF(S5<>"Đạt","Lốp chưa đạt; ","")&IF(N(W5)>'THAM SỐ'!$B$27,"Có mặt quá giờ; ","")&IF(N(X5)>'THAM SỐ'!$B$25,"Lái quá giờ ngày; ","")&IF(ISNUMBER(V5),IF(ABS(V5)>'THAM SỐ'!$B$28,"Lệch km; ",""),""))) -> Có mặt quá giờ; | AM5: Duyệt đủ | AO5: =IF($A5="","",IF(AM5="Duyệt đủ",AG5,IF(AM5="Duyệt một phần",N(AN5),IF(AM5="Không duyệt",0,"")))) -> 3.3 | AP5: =IF(OR($A5="",AO5=""),"",IF(AG5=0,0,ROUND((AC5*'THAM SỐ'!$B$18+AD5*'THAM SỐ'!$B$19+AE5*'THAM SỐ'!$B$20+AF5*'THAM SỐ'!$B$21)*MIN(1,AO5/AG5),0))) -> 205750 | AQ5: MẪU
A6: 46300 | B6: 51D69998 | C6: Khải | D6: 41 | E6: 0.086805556 | F6: 0.15277778 | G6: 0.33680556 | H6: 0.63888889 | I6: 5 | J6: 0 | K6: 0 | L6: 1 | M6: 5.8 | N6: 0 | O6: 0 | P6: Đủ | Q6: Đủ | R6: Thiếu | S6: Đạt | T6: =IF($A6="","",COUNTIFS('LỆNH ĐIỀU XE'!$B$5:$B$604,$A6,'LỆNH ĐIỀU XE'!$C$5:$C$604,$B6)) -> 1 | U6: =IF($A6="","",SUMIFS('LỆNH ĐIỀU XE'!$J$5:$J$604,'LỆNH ĐIỀU XE'!$B$5:$B$604,$A6,'LỆNH ĐIỀU XE'!$C$5:$C$604,$B6)) -> 38 | V6: =IF(OR($A6="",D6="",N(U6)=0),"",(D6-U6)/U6) -> 0.078947368 | W6: =IF(OR($A6="",G6="",H6=""),"",ROUND((H6+(H6<G6)-G6)*24,2)) -> 7.25 | X6: =IF(OR($A6="",E6=""),"",ROUND(E6*24,2)) -> 2.08 | Y6: =IF(OR(W6="",X6=""),"",MAX(0,W6-X6)) -> 5.17 | Z6: =IF(OR(W6="",X6="",N(W6)=0),"",X6/W6) -> 0.28689655 | AA6: =IF(OR($A6="",F6="",X6=""),"",MAX(0,ROUND(F6*24-X6,2))) -> 1.59 | AB6: =IF(OR($A6="",M6="",N(D6)=0),"",M6/D6*100) -> 14.146341 | AC6: =IF($A6="","",SUMIFS('CHẶNG TĂNG CA'!$E$5:$E$304,'CHẶNG TĂNG CA'!$A$5:$A$304,$A6,'CHẶNG TĂNG CA'!$B$5:$B$304,$B6)) -> 0 | AD6: =IF($A6="","",SUMIFS('CHẶNG TĂNG CA'!$F$5:$F$304,'CHẶNG TĂNG CA'!$A$5:$A$304,$A6,'CHẶNG TĂNG CA'!$B$5:$B$304,$B6)) -> 0 | AE6: =IF($A6="","",SUMIFS('CHẶNG TĂNG CA'!$G$5:$G$304,'CHẶNG TĂNG CA'!$A$5:$A$304,$A6,'CHẶNG TĂNG CA'!$B$5:$B$304,$B6)) -> 0 | AF6: =IF($A6="","",SUMIFS('CHẶNG TĂNG CA'!$H$5:$H$304,'CHẶNG TĂNG CA'!$A$5:$A$304,$A6,'CHẶNG TĂNG CA'!$B$5:$B$304,$B6)) -> 0 | AG6: =IF($A6="","",SUM(AC6:AF6)) -> 0 | AH6: =IF($A6="","",IF(COUNTIFS('LỆNH ĐIỀU XE'!$B$5:$B$604,$A6,'LỆNH ĐIỀU XE'!$C$5:$C$604,$B6,'LỆNH ĐIỀU XE'!$N$5:$N$604,"Có")>0,"Có","Không")) -> Không | AI6: =IF(OR($A6="",H6="",N(T6)=0),"",IF(_xlfn.MAXIFS('LỆNH ĐIỀU XE'!$U$5:$U$604,'LỆNH ĐIỀU XE'!$B$5:$B$604,$A6,'LỆNH ĐIỀU XE'!$C$5:$C$604,$B6)=0,"",ROUND((H6+(H6<4/24)-_xlfn.MAXIFS('LỆNH ĐIỀU XE'!$U$5:$U$604,'LỆNH ĐIỀU XE'!$B$5:$B$604,$A6,'LỆNH ĐIỀU XE'!$C$5:$C$604,$B6))*1440,0))) -> 20 | AJ6: =IF($A6="","",IF(OR(AI6="",V6=""),"Thiếu dữ liệu",IF(AND(AI6<='THAM SỐ'!$B$29,ABS(V6)<='THAM SỐ'!$B$28),"Đạt","Không đạt"))) -> Đạt | AK6: =IF($A6="","",IF(AG6=0,"Không có OT",IF(AND(AH6="Có",AJ6="Đạt"),"Đủ điều kiện","Cần giải trình"))) -> Không có OT | AL6: =IF($A6="","",TRIM(IF(T6=0,"Không có lệnh; ","")&IF(N(N6)>0,"Dừng ngoài lệnh; ","")&IF(N(J6)>0,"Quá tốc độ; ","")&IF(N(K6)>0,"Lái quá 4h; ","")&IF(N(L6)>0,"Không tắt máy; ","")&IF(OR(P6<>"Đủ",Q6<>"Đủ",R6<>"Đủ"),"Thiếu ảnh; ","")&IF(S6<>"Đạt","Lốp chưa đạt; ","")&IF(N(W6)>'THAM SỐ'!$B$27,"Có mặt quá giờ; ","")&IF(N(X6)>'THAM SỐ'!$B$25,"Lái quá giờ ngày; ","")&IF(ISNUMBER(V6),IF(ABS(V6)>'THAM SỐ'!$B$28,"Lệch km; ",""),""))) -> Không tắt máy; Thiếu ảnh; | AO6: =IF($A6="","",IF(AM6="Duyệt đủ",AG6,IF(AM6="Duyệt một phần",N(AN6),IF(AM6="Không duyệt",0,"")))) | AP6: =IF(OR($A6="",AO6=""),"",IF(AG6=0,0,ROUND((AC6*'THAM SỐ'!$B$18+AD6*'THAM SỐ'!$B$19+AE6*'THAM SỐ'!$B$20+AF6*'THAM SỐ'!$B$21)*MIN(1,AO6/AG6),0))) | AQ6: MẪU
A7: 46301 | B7: 51D98246 | C7: Nguyễn Chí Cang | D7: 178 | E7: 0.17708333 | F7: 0.20138889 | G7: 0.33472222 | H7: 0.59027778 | I7: 4 | J7: 1 | K7: 0 | L7: 0 | M7: 19.6 | N7: 0 | O7: 0 | P7: Đủ | Q7: Đủ | R7: Đủ | S7: Đạt | T7: =IF($A7="","",COUNTIFS('LỆNH ĐIỀU XE'!$B$5:$B$604,$A7,'LỆNH ĐIỀU XE'!$C$5:$C$604,$B7)) -> 1 | U7: =IF($A7="","",SUMIFS('LỆNH ĐIỀU XE'!$J$5:$J$604,'LỆNH ĐIỀU XE'!$B$5:$B$604,$A7,'LỆNH ĐIỀU XE'!$C$5:$C$604,$B7)) -> 175 | V7: =IF(OR($A7="",D7="",N(U7)=0),"",(D7-U7)/U7) -> 0.017142857 | W7: =IF(OR($A7="",G7="",H7=""),"",ROUND((H7+(H7<G7)-G7)*24,2)) -> 6.13 | X7: =IF(OR($A7="",E7=""),"",ROUND(E7*24,2)) -> 4.25 | Y7: =IF(OR(W7="",X7=""),"",MAX(0,W7-X7)) -> 1.88 | Z7: =IF(OR(W7="",X7="",N(W7)=0),"",X7/W7) -> 0.69331158 | AA7: =IF(OR($A7="",F7="",X7=""),"",MAX(0,ROUND(F7*24-X7,2))) -> 0.58 | AB7: =IF(OR($A7="",M7="",N(D7)=0),"",M7/D7*100) -> 11.011236 | AC7: =IF($A7="","",SUMIFS('CHẶNG TĂNG CA'!$E$5:$E$304,'CHẶNG TĂNG CA'!$A$5:$A$304,$A7,'CHẶNG TĂNG CA'!$B$5:$B$304,$B7)) -> 0 | AD7: =IF($A7="","",SUMIFS('CHẶNG TĂNG CA'!$F$5:$F$304,'CHẶNG TĂNG CA'!$A$5:$A$304,$A7,'CHẶNG TĂNG CA'!$B$5:$B$304,$B7)) -> 0 | AE7: =IF($A7="","",SUMIFS('CHẶNG TĂNG CA'!$G$5:$G$304,'CHẶNG TĂNG CA'!$A$5:$A$304,$A7,'CHẶNG TĂNG CA'!$B$5:$B$304,$B7)) -> 0 | AF7: =IF($A7="","",SUMIFS('CHẶNG TĂNG CA'!$H$5:$H$304,'CHẶNG TĂNG CA'!$A$5:$A$304,$A7,'CHẶNG TĂNG CA'!$B$5:$B$304,$B7)) -> 0 | AG7: =IF($A7="","",SUM(AC7:AF7)) -> 0 | AH7: =IF($A7="","",IF(COUNTIFS('LỆNH ĐIỀU XE'!$B$5:$B$604,$A7,'LỆNH ĐIỀU XE'!$C$5:$C$604,$B7,'LỆNH ĐIỀU XE'!$N$5:$N$604,"Có")>0,"Có","Không")) -> Không | AI7: =IF(OR($A7="",H7="",N(T7)=0),"",IF(_xlfn.MAXIFS('LỆNH ĐIỀU XE'!$U$5:$U$604,'LỆNH ĐIỀU XE'!$B$5:$B$604,$A7,'LỆNH ĐIỀU XE'!$C$5:$C$604,$B7)=0,"",ROUND((H7+(H7<4/24)-_xlfn.MAXIFS('LỆNH ĐIỀU XE'!$U$5:$U$604,'LỆNH ĐIỀU XE'!$B$5:$B$604,$A7,'LỆNH ĐIỀU XE'!$C$5:$C$604,$B7))*1440,0))) -> 10 | AJ7: =IF($A7="","",IF(OR(AI7="",V7=""),"Thiếu dữ liệu",IF(AND(AI7<='THAM SỐ'!$B$29,ABS(V7)<='THAM SỐ'!$B$28),"Đạt","Không đạt"))) -> Đạt | AK7: =IF($A7="","",IF(AG7=0,"Không có OT",IF(AND(AH7="Có",AJ7="Đạt"),"Đủ điều kiện","Cần giải trình"))) -> Không có OT | AL7: =IF($A7="","",TRIM(IF(T7=0,"Không có lệnh; ","")&IF(N(N7)>0,"Dừng ngoài lệnh; ","")&IF(N(J7)>0,"Quá tốc độ; ","")&IF(N(K7)>0,"Lái quá 4h; ","")&IF(N(L7)>0,"Không tắt máy; ","")&IF(OR(P7<>"Đủ",Q7<>"Đủ",R7<>"Đủ"),"Thiếu ảnh; ","")&IF(S7<>"Đạt","Lốp chưa đạt; ","")&IF(N(W7)>'THAM SỐ'!$B$27,"Có mặt quá giờ; ","")&IF(N(X7)>'THAM SỐ'!$B$25,"Lái quá giờ ngày; ","")&IF(ISNUMBER(V7),IF(ABS(V7)>'THAM SỐ'!$B$28,"Lệch km; ",""),""))) -> Quá tốc độ; | AO7: =IF($A7="","",IF(AM7="Duyệt đủ",AG7,IF(AM7="Duyệt một phần",N(AN7),IF(AM7="Không duyệt",0,"")))) | AP7: =IF(OR($A7="",AO7=""),"",IF(AG7=0,0,ROUND((AC7*'THAM SỐ'!$B$18+AD7*'THAM SỐ'!$B$19+AE7*'THAM SỐ'!$B$20+AF7*'THAM SỐ'!$B$21)*MIN(1,AO7/AG7),0))) | AQ7: MẪU
A8: 46301 | B8: 51D69998 | C8: Khải | D8: 97 | E8: 0.14583333 | F8: 0.23958333 | G8: 0.32986111 | H8: 0.73263889 | I8: 8 | J8: 0 | K8: 0 | L8: 2 | M8: 11.2 | N8: 1 | O8: 25 | P8: Đủ | Q8: Đủ | R8: Đủ | S8: Không làm | T8: =IF($A8="","",COUNTIFS('LỆNH ĐIỀU XE'!$B$5:$B$604,$A8,'LỆNH ĐIỀU XE'!$C$5:$C$604,$B8)) -> 1 | U8: =IF($A8="","",SUMIFS('LỆNH ĐIỀU XE'!$J$5:$J$604,'LỆNH ĐIỀU XE'!$B$5:$B$604,$A8,'LỆNH ĐIỀU XE'!$C$5:$C$604,$B8)) -> 85 | V8: =IF(OR($A8="",D8="",N(U8)=0),"",(D8-U8)/U8) -> 0.14117647 | W8: =IF(OR($A8="",G8="",H8=""),"",ROUND((H8+(H8<G8)-G8)*24,2)) -> 9.67 | X8: =IF(OR($A8="",E8=""),"",ROUND(E8*24,2)) -> 3.5 | Y8: =IF(OR(W8="",X8=""),"",MAX(0,W8-X8)) -> 6.17 | Z8: =IF(OR(W8="",X8="",N(W8)=0),"",X8/W8) -> 0.36194416 | AA8: =IF(OR($A8="",F8="",X8=""),"",MAX(0,ROUND(F8*24-X8,2))) -> 2.25 | AB8: =IF(OR($A8="",M8="",N(D8)=0),"",M8/D8*100) -> 11.546392 | AC8: =IF($A8="","",SUMIFS('CHẶNG TĂNG CA'!$E$5:$E$304,'CHẶNG TĂNG CA'!$A$5:$A$304,$A8,'CHẶNG TĂNG CA'!$B$5:$B$304,$B8)) -> 0.08 | AD8: =IF($A8="","",SUMIFS('CHẶNG TĂNG CA'!$F$5:$F$304,'CHẶNG TĂNG CA'!$A$5:$A$304,$A8,'CHẶNG TĂNG CA'!$B$5:$B$304,$B8)) -> 0.58 | AE8: =IF($A8="","",SUMIFS('CHẶNG TĂNG CA'!$G$5:$G$304,'CHẶNG TĂNG CA'!$A$5:$A$304,$A8,'CHẶNG TĂNG CA'!$B$5:$B$304,$B8)) -> 0 | AF8: =IF($A8="","",SUMIFS('CHẶNG TĂNG CA'!$H$5:$H$304,'CHẶNG TĂNG CA'!$A$5:$A$304,$A8,'CHẶNG TĂNG CA'!$B$5:$B$304,$B8)) -> 0 | AG8: =IF($A8="","",SUM(AC8:AF8)) -> 0.66 | AH8: =IF($A8="","",IF(COUNTIFS('LỆNH ĐIỀU XE'!$B$5:$B$604,$A8,'LỆNH ĐIỀU XE'!$C$5:$C$604,$B8,'LỆNH ĐIỀU XE'!$N$5:$N$604,"Có")>0,"Có","Không")) -> Không | AI8: =IF(OR($A8="",H8="",N(T8)=0),"",IF(_xlfn.MAXIFS('LỆNH ĐIỀU XE'!$U$5:$U$604,'LỆNH ĐIỀU XE'!$B$5:$B$604,$A8,'LỆNH ĐIỀU XE'!$C$5:$C$604,$B8)=0,"",ROUND((H8+(H8<4/24)-_xlfn.MAXIFS('LỆNH ĐIỀU XE'!$U$5:$U$604,'LỆNH ĐIỀU XE'!$B$5:$B$604,$A8,'LỆNH ĐIỀU XE'!$C$5:$C$604,$B8))*1440,0))) -> 35 | AJ8: =IF($A8="","",IF(OR(AI8="",V8=""),"Thiếu dữ liệu",IF(AND(AI8<='THAM SỐ'!$B$29,ABS(V8)<='THAM SỐ'!$B$28),"Đạt","Không đạt"))) -> Không đạt | AK8: =IF($A8="","",IF(AG8=0,"Không có OT",IF(AND(AH8="Có",AJ8="Đạt"),"Đủ điều kiện","Cần giải trình"))) -> Cần giải trình | AL8: =IF($A8="","",TRIM(IF(T8=0,"Không có lệnh; ","")&IF(N(N8)>0,"Dừng ngoài lệnh; ","")&IF(N(J8)>0,"Quá tốc độ; ","")&IF(N(K8)>0,"Lái quá 4h; ","")&IF(N(L8)>0,"Không tắt máy; ","")&IF(OR(P8<>"Đủ",Q8<>"Đủ",R8<>"Đủ"),"Thiếu ảnh; ","")&IF(S8<>"Đạt","Lốp chưa đạt; ","")&IF(N(W8)>'THAM SỐ'!$B$27,"Có mặt quá giờ; ","")&IF(N(X8)>'THAM SỐ'!$B$25,"Lái quá giờ ngày; ","")&IF(ISNUMBER(V8),IF(ABS(V8)>'THAM SỐ'!$B$28,"Lệch km; ",""),""))) -> Dừng ngoài lệnh; Không tắt máy; Lốp chưa đạt; | AO8: =IF($A8="","",IF(AM8="Duyệt đủ",AG8,IF(AM8="Duyệt một phần",N(AN8),IF(AM8="Không duyệt",0,"")))) | AP8: =IF(OR($A8="",AO8=""),"",IF(AG8=0,0,ROUND((AC8*'THAM SỐ'!$B$18+AD8*'THAM SỐ'!$B$19+AE8*'THAM SỐ'!$B$20+AF8*'THAM SỐ'!$B$21)*MIN(1,AO8/AG8),0))) | AQ8: MẪU
A9: 46302 | B9: 51D98246 | C9: Nguyễn Chí Cang | D9: 49 | E9: 0.090277778 | F9: 0.1875 | G9: 0.32638889 | H9: 0.80208333 | I9: 7 | J9: 0 | K9: 0 | L9: 1 | M9: 9.4 | N9: 0 | O9: 0 | P9: Đủ | Q9: Thiếu | R9: Đủ | S9: Đạt | T9: =IF($A9="","",COUNTIFS('LỆNH ĐIỀU XE'!$B$5:$B$604,$A9,'LỆNH ĐIỀU XE'!$C$5:$C$604,$B9)) -> 1 | U9: =IF($A9="","",SUMIFS('LỆNH ĐIỀU XE'!$J$5:$J$604,'LỆNH ĐIỀU XE'!$B$5:$B$604,$A9,'LỆNH ĐIỀU XE'!$C$5:$C$604,$B9)) -> 46 | V9: =IF(OR($A9="",D9="",N(U9)=0),"",(D9-U9)/U9) -> 0.065217391 | W9: =IF(OR($A9="",G9="",H9=""),"",ROUND((H9+(H9<G9)-G9)*24,2)) -> 11.42 | X9: =IF(OR($A9="",E9=""),"",ROUND(E9*24,2)) -> 2.17 | Y9: =IF(OR(W9="",X9=""),"",MAX(0,W9-X9)) -> 9.25 | Z9: =IF(OR(W9="",X9="",N(W9)=0),"",X9/W9) -> 0.19001751 | AA9: =IF(OR($A9="",F9="",X9=""),"",MAX(0,ROUND(F9*24-X9,2))) -> 2.33 | AB9: =IF(OR($A9="",M9="",N(D9)=0),"",M9/D9*100) -> 19.183673 | AC9: =IF($A9="","",SUMIFS('CHẶNG TĂNG CA'!$E$5:$E$304,'CHẶNG TĂNG CA'!$A$5:$A$304,$A9,'CHẶNG TĂNG CA'!$B$5:$B$304,$B9)) -> 0 | AD9: =IF($A9="","",SUMIFS('CHẶNG TĂNG CA'!$F$5:$F$304,'CHẶNG TĂNG CA'!$A$5:$A$304,$A9,'CHẶNG TĂNG CA'!$B$5:$B$304,$B9)) -> 2.25 | AE9: =IF($A9="","",SUMIFS('CHẶNG TĂNG CA'!$G$5:$G$304,'CHẶNG TĂNG CA'!$A$5:$A$304,$A9,'CHẶNG TĂNG CA'!$B$5:$B$304,$B9)) -> 0 | AF9: =IF($A9="","",SUMIFS('CHẶNG TĂNG CA'!$H$5:$H$304,'CHẶNG TĂNG CA'!$A$5:$A$304,$A9,'CHẶNG TĂNG CA'!$B$5:$B$304,$B9)) -> 0 | AG9: =IF($A9="","",SUM(AC9:AF9)) -> 2.25 | AH9: =IF($A9="","",IF(COUNTIFS('LỆNH ĐIỀU XE'!$B$5:$B$604,$A9,'LỆNH ĐIỀU XE'!$C$5:$C$604,$B9,'LỆNH ĐIỀU XE'!$N$5:$N$604,"Có")>0,"Có","Không")) -> Có | AI9: =IF(OR($A9="",H9="",N(T9)=0),"",IF(_xlfn.MAXIFS('LỆNH ĐIỀU XE'!$U$5:$U$604,'LỆNH ĐIỀU XE'!$B$5:$B$604,$A9,'LỆNH ĐIỀU XE'!$C$5:$C$604,$B9)=0,"",ROUND((H9+(H9<4/24)-_xlfn.MAXIFS('LỆNH ĐIỀU XE'!$U$5:$U$604,'LỆNH ĐIỀU XE'!$B$5:$B$604,$A9,'LỆNH ĐIỀU XE'!$C$5:$C$604,$B9))*1440,0))) -> 15 | AJ9: =IF($A9="","",IF(OR(AI9="",V9=""),"Thiếu dữ liệu",IF(AND(AI9<='THAM SỐ'!$B$29,ABS(V9)<='THAM SỐ'!$B$28),"Đạt","Không đạt"))) -> Đạt | AK9: =IF($A9="","",IF(AG9=0,"Không có OT",IF(AND(AH9="Có",AJ9="Đạt"),"Đủ điều kiện","Cần giải trình"))) -> Đủ điều kiện | AL9: =IF($A9="","",TRIM(IF(T9=0,"Không có lệnh; ","")&IF(N(N9)>0,"Dừng ngoài lệnh; ","")&IF(N(J9)>0,"Quá tốc độ; ","")&IF(N(K9)>0,"Lái quá 4h; ","")&IF(N(L9)>0,"Không tắt máy; ","")&IF(OR(P9<>"Đủ",Q9<>"Đủ",R9<>"Đủ"),"Thiếu ảnh; ","")&IF(S9<>"Đạt","Lốp chưa đạt; ","")&IF(N(W9)>'THAM SỐ'!$B$27,"Có mặt quá giờ; ","")&IF(N(X9)>'THAM SỐ'!$B$25,"Lái quá giờ ngày; ","")&IF(ISNUMBER(V9),IF(ABS(V9)>'THAM SỐ'!$B$28,"Lệch km; ",""),""))) -> Không tắt máy; Thiếu ảnh; | AM9: Duyệt một phần | AN9: 1 | AO9: =IF($A9="","",IF(AM9="Duyệt đủ",AG9,IF(AM9="Duyệt một phần",N(AN9),IF(AM9="Không duyệt",0,"")))) -> 1 | AP9: =IF(OR($A9="",AO9=""),"",IF(AG9=0,0,ROUND((AC9*'THAM SỐ'!$B$18+AD9*'THAM SỐ'!$B$19+AE9*'THAM SỐ'!$B$20+AF9*'THAM SỐ'!$B$21)*MIN(1,AO9/AG9),0))) -> 50000 | AQ9: MẪU
A10: 46302 | B10: 51D69998 | C10: Khải | D10: 44 | E10: 0.097222222 | F10: 0.11805556 | G10: 0.33333333 | H10: 0.65972222 | I10: 6 | J10: 0 | K10: 0 | L10: 0 | M10: 5.1 | N10: 0 | O10: 0 | P10: Đủ | Q10: Đủ | R10: Đủ | S10: Đạt | T10: =IF($A10="","",COUNTIFS('LỆNH ĐIỀU XE'!$B$5:$B$604,$A10,'LỆNH ĐIỀU XE'!$C$5:$C$604,$B10)) -> 1 | U10: =IF($A10="","",SUMIFS('LỆNH ĐIỀU XE'!$J$5:$J$604,'LỆNH ĐIỀU XE'!$B$5:$B$604,$A10,'LỆNH ĐIỀU XE'!$C$5:$C$604,$B10)) -> 42 | V10: =IF(OR($A10="",D10="",N(U10)=0),"",(D10-U10)/U10) -> 0.047619048 | W10: =IF(OR($A10="",G10="",H10=""),"",ROUND((H10+(H10<G10)-G10)*24,2)) -> 7.83 | X10: =IF(OR($A10="",E10=""),"",ROUND(E10*24,2)) -> 2.33 | Y10: =IF(OR(W10="",X10=""),"",MAX(0,W10-X10)) -> 5.5 | Z10: =IF(OR(W10="",X10="",N(W10)=0),"",X10/W10) -> 0.29757344 | AA10: =IF(OR($A10="",F10="",X10=""),"",MAX(0,ROUND(F10*24-X10,2))) -> 0.5 | AB10: =IF(OR($A10="",M10="",N(D10)=0),"",M10/D10*100) -> 11.590909 | AC10: =IF($A10="","",SUMIFS('CHẶNG TĂNG CA'!$E$5:$E$304,'CHẶNG TĂNG CA'!$A$5:$A$304,$A10,'CHẶNG TĂNG CA'!$B$5:$B$304,$B10)) -> 0 | AD10: =IF($A10="","",SUMIFS('CHẶNG TĂNG CA'!$F$5:$F$304,'CHẶNG TĂNG CA'!$A$5:$A$304,$A10,'CHẶNG TĂNG CA'!$B$5:$B$304,$B10)) -> 0 | AE10: =IF($A10="","",SUMIFS('CHẶNG TĂNG CA'!$G$5:$G$304,'CHẶNG TĂNG CA'!$A$5:$A$304,$A10,'CHẶNG TĂNG CA'!$B$5:$B$304,$B10)) -> 0 | AF10: =IF($A10="","",SUMIFS('CHẶNG TĂNG CA'!$H$5:$H$304,'CHẶNG TĂNG CA'!$A$5:$A$304,$A10,'CHẶNG TĂNG CA'!$B$5:$B$304,$B10)) -> 0 | AG10: =IF($A10="","",SUM(AC10:AF10)) -> 0 | AH10: =IF($A10="","",IF(COUNTIFS('LỆNH ĐIỀU XE'!$B$5:$B$604,$A10,'LỆNH ĐIỀU XE'!$C$5:$C$604,$B10,'LỆNH ĐIỀU XE'!$N$5:$N$604,"Có")>0,"Có","Không")) -> Không | AI10: =IF(OR($A10="",H10="",N(T10)=0),"",IF(_xlfn.MAXIFS('LỆNH ĐIỀU XE'!$U$5:$U$604,'LỆNH ĐIỀU XE'!$B$5:$B$604,$A10,'LỆNH ĐIỀU XE'!$C$5:$C$604,$B10)=0,"",ROUND((H10+(H10<4/24)-_xlfn.MAXIFS('LỆNH ĐIỀU XE'!$U$5:$U$604,'LỆNH ĐIỀU XE'!$B$5:$B$604,$A10,'LỆNH ĐIỀU XE'!$C$5:$C$604,$B10))*1440,0))) -> -10 | AJ10: =IF($A10="","",IF(OR(AI10="",V10=""),"Thiếu dữ liệu",IF(AND(AI10<='THAM SỐ'!$B$29,ABS(V10)<='THAM SỐ'!$B$28),"Đạt","Không đạt"))) -> Đạt | AK10: =IF($A10="","",IF(AG10=0,"Không có OT",IF(AND(AH10="Có",AJ10="Đạt"),"Đủ điều kiện","Cần giải trình"))) -> Không có OT | AL10: =IF($A10="","",TRIM(IF(T10=0,"Không có lệnh; ","")&IF(N(N10)>0,"Dừng ngoài lệnh; ","")&IF(N(J10)>0,"Quá tốc độ; ","")&IF(N(K10)>0,"Lái quá 4h; ","")&IF(N(L10)>0,"Không tắt máy; ","")&IF(OR(P10<>"Đủ",Q10<>"Đủ",R10<>"Đủ"),"Thiếu ảnh; ","")&IF(S10<>"Đạt","Lốp chưa đạt; ","")&IF(N(W10)>'THAM SỐ'!$B$27,"Có mặt quá giờ; ","")&IF(N(X10)>'THAM SỐ'!$B$25,"Lái quá giờ ngày; ","")&IF(ISNUMBER(V10),IF(ABS(V10)>'THAM SỐ'!$B$28,"Lệch km; ",""),""))) | AO10: =IF($A10="","",IF(AM10="Duyệt đủ",AG10,IF(AM10="Duyệt một phần",N(AN10),IF(AM10="Không duyệt",0,"")))) | AP10: =IF(OR($A10="",AO10=""),"",IF(AG10=0,0,ROUND((AC10*'THAM SỐ'!$B$18+AD10*'THAM SỐ'!$B$19+AE10*'THAM SỐ'!$B$20+AF10*'THAM SỐ'!$B$21)*MIN(1,AO10/AG10),0))) | AQ10: MẪU
A11: 46303 | B11: 51D98246 | C11: Nguyễn Chí Cang | D11: 166 | E11: 0.19444444 | F11: 0.22222222 | G11: 0.28472222 | H11: 0.75347222 | I11: 9 | J11: 0 | K11: 1 | L11: 0 | M11: 18.3 | N11: 0 | O11: 0 | P11: Đủ | Q11: Đủ | R11: Đủ | S11: Đạt | T11: =IF($A11="","",COUNTIFS('LỆNH ĐIỀU XE'!$B$5:$B$604,$A11,'LỆNH ĐIỀU XE'!$C$5:$C$604,$B11)) -> 1 | U11: =IF($A11="","",SUMIFS('LỆNH ĐIỀU XE'!$J$5:$J$604,'LỆNH ĐIỀU XE'!$B$5:$B$604,$A11,'LỆNH ĐIỀU XE'!$C$5:$C$604,$B11)) -> 160 | V11: =IF(OR($A11="",D11="",N(U11)=0),"",(D11-U11)/U11) -> 0.0375 | W11: =IF(OR($A11="",G11="",H11=""),"",ROUND((H11+(H11<G11)-G11)*24,2)) -> 11.25 | X11: =IF(OR($A11="",E11=""),"",ROUND(E11*24,2)) -> 4.67 | Y11: =IF(OR(W11="",X11=""),"",MAX(0,W11-X11)) -> 6.58 | Z11: =IF(OR(W11="",X11="",N(W11)=0),"",X11/W11) -> 0.41511111 | AA11: =IF(OR($A11="",F11="",X11=""),"",MAX(0,ROUND(F11*24-X11,2))) -> 0.66 | AB11: =IF(OR($A11="",M11="",N(D11)=0),"",M11/D11*100) -> 11.024096 | AC11: =IF($A11="","",SUMIFS('CHẶNG TĂNG CA'!$E$5:$E$304,'CHẶNG TĂNG CA'!$A$5:$A$304,$A11,'CHẶNG TĂNG CA'!$B$5:$B$304,$B11)) -> 1.17 | AD11: =IF($A11="","",SUMIFS('CHẶNG TĂNG CA'!$F$5:$F$304,'CHẶNG TĂNG CA'!$A$5:$A$304,$A11,'CHẶNG TĂNG CA'!$B$5:$B$304,$B11)) -> 1.08 | AE11: =IF($A11="","",SUMIFS('CHẶNG TĂNG CA'!$G$5:$G$304,'CHẶNG TĂNG CA'!$A$5:$A$304,$A11,'CHẶNG TĂNG CA'!$B$5:$B$304,$B11)) -> 0 | AF11: =IF($A11="","",SUMIFS('CHẶNG TĂNG CA'!$H$5:$H$304,'CHẶNG TĂNG CA'!$A$5:$A$304,$A11,'CHẶNG TĂNG CA'!$B$5:$B$304,$B11)) -> 0 | AG11: =IF($A11="","",SUM(AC11:AF11)) -> 2.25 | AH11: =IF($A11="","",IF(COUNTIFS('LỆNH ĐIỀU XE'!$B$5:$B$604,$A11,'LỆNH ĐIỀU XE'!$C$5:$C$604,$B11,'LỆNH ĐIỀU XE'!$N$5:$N$604,"Có")>0,"Có","Không")) -> Có | AI11: =IF(OR($A11="",H11="",N(T11)=0),"",IF(_xlfn.MAXIFS('LỆNH ĐIỀU XE'!$U$5:$U$604,'LỆNH ĐIỀU XE'!$B$5:$B$604,$A11,'LỆNH ĐIỀU XE'!$C$5:$C$604,$B11)=0,"",ROUND((H11+(H11<4/24)-_xlfn.MAXIFS('LỆNH ĐIỀU XE'!$U$5:$U$604,'LỆNH ĐIỀU XE'!$B$5:$B$604,$A11,'LỆNH ĐIỀU XE'!$C$5:$C$604,$B11))*1440,0))) -> 35 | AJ11: =IF($A11="","",IF(OR(AI11="",V11=""),"Thiếu dữ liệu",IF(AND(AI11<='THAM SỐ'!$B$29,ABS(V11)<='THAM SỐ'!$B$28),"Đạt","Không đạt"))) -> Không đạt | AK11: =IF($A11="","",IF(AG11=0,"Không có OT",IF(AND(AH11="Có",AJ11="Đạt"),"Đủ điều kiện","Cần giải trình"))) -> Cần giải trình | AL11: =IF($A11="","",TRIM(IF(T11=0,"Không có lệnh; ","")&IF(N(N11)>0,"Dừng ngoài lệnh; ","")&IF(N(J11)>0,"Quá tốc độ; ","")&IF(N(K11)>0,"Lái quá 4h; ","")&IF(N(L11)>0,"Không tắt máy; ","")&IF(OR(P11<>"Đủ",Q11<>"Đủ",R11<>"Đủ"),"Thiếu ảnh; ","")&IF(S11<>"Đạt","Lốp chưa đạt; ","")&IF(N(W11)>'THAM SỐ'!$B$27,"Có mặt quá giờ; ","")&IF(N(X11)>'THAM SỐ'!$B$25,"Lái quá giờ ngày; ","")&IF(ISNUMBER(V11),IF(ABS(V11)>'THAM SỐ'!$B$28,"Lệch km; ",""),""))) -> Lái quá 4h; | AO11: =IF($A11="","",IF(AM11="Duyệt đủ",AG11,IF(AM11="Duyệt một phần",N(AN11),IF(AM11="Không duyệt",0,"")))) | AP11: =IF(OR($A11="",AO11=""),"",IF(AG11=0,0,ROUND((AC11*'THAM SỐ'!$B$18+AD11*'THAM SỐ'!$B$19+AE11*'THAM SỐ'!$B$20+AF11*'THAM SỐ'!$B$21)*MIN(1,AO11/AG11),0))) | AQ11: MẪU
A12: 46303 | B12: 51D69998 | C12: Khải | D12: 55 | E12: 0.083333333 | F12: 0.10416667 | G12: 0.38194444 | H12: 0.58680556 | I12: 3 | J12: 0 | K12: 0 | L12: 0 | M12: 6.4 | N12: 0 | O12: 0 | P12: Đủ | Q12: Đủ | R12: Đủ | S12: Đạt | T12: =IF($A12="","",COUNTIFS('LỆNH ĐIỀU XE'!$B$5:$B$604,$A12,'LỆNH ĐIỀU XE'!$C$5:$C$604,$B12)) -> 1 | U12: =IF($A12="","",SUMIFS('LỆNH ĐIỀU XE'!$J$5:$J$604,'LỆNH ĐIỀU XE'!$B$5:$B$604,$A12,'LỆNH ĐIỀU XE'!$C$5:$C$604,$B12)) -> 52 | V12: =IF(OR($A12="",D12="",N(U12)=0),"",(D12-U12)/U12) -> 0.057692308 | W12: =IF(OR($A12="",G12="",H12=""),"",ROUND((H12+(H12<G12)-G12)*24,2)) -> 4.92 | X12: =IF(OR($A12="",E12=""),"",ROUND(E12*24,2)) -> 2 | Y12: =IF(OR(W12="",X12=""),"",MAX(0,W12-X12)) -> 2.92 | Z12: =IF(OR(W12="",X12="",N(W12)=0),"",X12/W12) -> 0.40650407 | AA12: =IF(OR($A12="",F12="",X12=""),"",MAX(0,ROUND(F12*24-X12,2))) -> 0.5 | AB12: =IF(OR($A12="",M12="",N(D12)=0),"",M12/D12*100) -> 11.636364 | AC12: =IF($A12="","",SUMIFS('CHẶNG TĂNG CA'!$E$5:$E$304,'CHẶNG TĂNG CA'!$A$5:$A$304,$A12,'CHẶNG TĂNG CA'!$B$5:$B$304,$B12)) -> 0 | AD12: =IF($A12="","",SUMIFS('CHẶNG TĂNG CA'!$F$5:$F$304,'CHẶNG TĂNG CA'!$A$5:$A$304,$A12,'CHẶNG TĂNG CA'!$B$5:$B$304,$B12)) -> 0 | AE12: =IF($A12="","",SUMIFS('CHẶNG TĂNG CA'!$G$5:$G$304,'CHẶNG TĂNG CA'!$A$5:$A$304,$A12,'CHẶNG TĂNG CA'!$B$5:$B$304,$B12)) -> 0 | AF12: =IF($A12="","",SUMIFS('CHẶNG TĂNG CA'!$H$5:$H$304,'CHẶNG TĂNG CA'!$A$5:$A$304,$A12,'CHẶNG TĂNG CA'!$B$5:$B$304,$B12)) -> 0 | AG12: =IF($A12="","",SUM(AC12:AF12)) -> 0 | AH12: =IF($A12="","",IF(COUNTIFS('LỆNH ĐIỀU XE'!$B$5:$B$604,$A12,'LỆNH ĐIỀU XE'!$C$5:$C$604,$B12,'LỆNH ĐIỀU XE'!$N$5:$N$604,"Có")>0,"Có","Không")) -> Không | AI12: =IF(OR($A12="",H12="",N(T12)=0),"",IF(_xlfn.MAXIFS('LỆNH ĐIỀU XE'!$U$5:$U$604,'LỆNH ĐIỀU XE'!$B$5:$B$604,$A12,'LỆNH ĐIỀU XE'!$C$5:$C$604,$B12)=0,"",ROUND((H12+(H12<4/24)-_xlfn.MAXIFS('LỆNH ĐIỀU XE'!$U$5:$U$604,'LỆNH ĐIỀU XE'!$B$5:$B$604,$A12,'LỆNH ĐIỀU XE'!$C$5:$C$604,$B12))*1440,0))) -> 5 | AJ12: =IF($A12="","",IF(OR(AI12="",V12=""),"Thiếu dữ liệu",IF(AND(AI12<='THAM SỐ'!$B$29,ABS(V12)<='THAM SỐ'!$B$28),"Đạt","Không đạt"))) -> Đạt | AK12: =IF($A12="","",IF(AG12=0,"Không có OT",IF(AND(AH12="Có",AJ12="Đạt"),"Đủ điều kiện","Cần giải trình"))) -> Không có OT | AL12: =IF($A12="","",TRIM(IF(T12=0,"Không có lệnh; ","")&IF(N(N12)>0,"Dừng ngoài lệnh; ","")&IF(N(J12)>0,"Quá tốc độ; ","")&IF(N(K12)>0,"Lái quá 4h; ","")&IF(N(L12)>0,"Không tắt máy; ","")&IF(OR(P12<>"Đủ",Q12<>"Đủ",R12<>"Đủ"),"Thiếu ảnh; ","")&IF(S12<>"Đạt","Lốp chưa đạt; ","")&IF(N(W12)>'THAM SỐ'!$B$27,"Có mặt quá giờ; ","")&IF(N(X12)>'THAM SỐ'!$B$25,"Lái quá giờ ngày; ","")&IF(ISNUMBER(V12),IF(ABS(V12)>'THAM SỐ'!$B$28,"Lệch km; ",""),""))) | AO12: =IF($A12="","",IF(AM12="Duyệt đủ",AG12,IF(AM12="Duyệt một phần",N(AN12),IF(AM12="Không duyệt",0,"")))) | AP12: =IF(OR($A12="",AO12=""),"",IF(AG12=0,0,ROUND((AC12*'THAM SỐ'!$B$18+AD12*'THAM SỐ'!$B$19+AE12*'THAM SỐ'!$B$20+AF12*'THAM SỐ'!$B$21)*MIN(1,AO12/AG12),0))) | AQ12: MẪU
A13: 46304 | B13: 51D98246 | C13: Nguyễn Chí Cang | D13: 356 | E13: 0.35416667 | F13: 0.38541667 | G13: 0.22569444 | H13: 0.84027778 | I13: 8 | J13: 2 | K13: 1 | L13: 0 | M13: 38.9 | N13: 0 | O13: 0 | P13: Đủ | Q13: Đủ | R13: Đủ | S13: Đạt | T13: =IF($A13="","",COUNTIFS('LỆNH ĐIỀU XE'!$B$5:$B$604,$A13,'LỆNH ĐIỀU XE'!$C$5:$C$604,$B13)) -> 1 | U13: =IF($A13="","",SUMIFS('LỆNH ĐIỀU XE'!$J$5:$J$604,'LỆNH ĐIỀU XE'!$B$5:$B$604,$A13,'LỆNH ĐIỀU XE'!$C$5:$C$604,$B13)) -> 350 | V13: =IF(OR($A13="",D13="",N(U13)=0),"",(D13-U13)/U13) -> 0.017142857 | W13: =IF(OR($A13="",G13="",H13=""),"",ROUND((H13+(H13<G13)-G13)*24,2)) -> 14.75 | X13: =IF(OR($A13="",E13=""),"",ROUND(E13*24,2)) -> 8.5 | Y13: =IF(OR(W13="",X13=""),"",MAX(0,W13-X13)) -> 6.25 | Z13: =IF(OR(W13="",X13="",N(W13)=0),"",X13/W13) -> 0.57627119 | AA13: =IF(OR($A13="",F13="",X13=""),"",MAX(0,ROUND(F13*24-X13,2))) -> 0.75 | AB13: =IF(OR($A13="",M13="",N(D13)=0),"",M13/D13*100) -> 10.926966 | AC13: =IF($A13="","",SUMIFS('CHẶNG TĂNG CA'!$E$5:$E$304,'CHẶNG TĂNG CA'!$A$5:$A$304,$A13,'CHẶNG TĂNG CA'!$B$5:$B$304,$B13)) -> 2.58 | AD13: =IF($A13="","",SUMIFS('CHẶNG TĂNG CA'!$F$5:$F$304,'CHẶNG TĂNG CA'!$A$5:$A$304,$A13,'CHẶNG TĂNG CA'!$B$5:$B$304,$B13)) -> 3.17 | AE13: =IF($A13="","",SUMIFS('CHẶNG TĂNG CA'!$G$5:$G$304,'CHẶNG TĂNG CA'!$A$5:$A$304,$A13,'CHẶNG TĂNG CA'!$B$5:$B$304,$B13)) -> 0 | AF13: =IF($A13="","",SUMIFS('CHẶNG TĂNG CA'!$H$5:$H$304,'CHẶNG TĂNG CA'!$A$5:$A$304,$A13,'CHẶNG TĂNG CA'!$B$5:$B$304,$B13)) -> 0 | AG13: =IF($A13="","",SUM(AC13:AF13)) -> 5.75 | AH13: =IF($A13="","",IF(COUNTIFS('LỆNH ĐIỀU XE'!$B$5:$B$604,$A13,'LỆNH ĐIỀU XE'!$C$5:$C$604,$B13,'LỆNH ĐIỀU XE'!$N$5:$N$604,"Có")>0,"Có","Không")) -> Có | AI13: =IF(OR($A13="",H13="",N(T13)=0),"",IF(_xlfn.MAXIFS('LỆNH ĐIỀU XE'!$U$5:$U$604,'LỆNH ĐIỀU XE'!$B$5:$B$604,$A13,'LỆNH ĐIỀU XE'!$C$5:$C$604,$B13)=0,"",ROUND((H13+(H13<4/24)-_xlfn.MAXIFS('LỆNH ĐIỀU XE'!$U$5:$U$604,'LỆNH ĐIỀU XE'!$B$5:$B$604,$A13,'LỆNH ĐIỀU XE'!$C$5:$C$604,$B13))*1440,0))) -> 10 | AJ13: =IF($A13="","",IF(OR(AI13="",V13=""),"Thiếu dữ liệu",IF(AND(AI13<='THAM SỐ'!$B$29,ABS(V13)<='THAM SỐ'!$B$28),"Đạt","Không đạt"))) -> Đạt | AK13: =IF($A13="","",IF(AG13=0,"Không có OT",IF(AND(AH13="Có",AJ13="Đạt"),"Đủ điều kiện","Cần giải trình"))) -> Đủ điều kiện | AL13: =IF($A13="","",TRIM(IF(T13=0,"Không có lệnh; ","")&IF(N(N13)>0,"Dừng ngoài lệnh; ","")&IF(N(J13)>0,"Quá tốc độ; ","")&IF(N(K13)>0,"Lái quá 4h; ","")&IF(N(L13)>0,"Không tắt máy; ","")&IF(OR(P13<>"Đủ",Q13<>"Đủ",R13<>"Đủ"),"Thiếu ảnh; ","")&IF(S13<>"Đạt","Lốp chưa đạt; ","")&IF(N(W13)>'THAM SỐ'!$B$27,"Có mặt quá giờ; ","")&IF(N(X13)>'THAM SỐ'!$B$25,"Lái quá giờ ngày; ","")&IF(ISNUMBER(V13),IF(ABS(V13)>'THAM SỐ'!$B$28,"Lệch km; ",""),""))) -> Quá tốc độ; Lái quá 4h; Có mặt quá giờ; | AO13: =IF($A13="","",IF(AM13="Duyệt đủ",AG13,IF(AM13="Duyệt một phần",N(AN13),IF(AM13="Không duyệt",0,"")))) | AP13: =IF(OR($A13="",AO13=""),"",IF(AG13=0,0,ROUND((AC13*'THAM SỐ'!$B$18+AD13*'THAM SỐ'!$B$19+AE13*'THAM SỐ'!$B$20+AF13*'THAM SỐ'!$B$21)*MIN(1,AO13/AG13),0))) | AQ13: MẪU
T14: =IF($A14="","",COUNTIFS('LỆNH ĐIỀU XE'!$B$5:$B$604,$A14,'LỆNH ĐIỀU XE'!$C$5:$C$604,$B14)) | U14: =IF($A14="","",SUMIFS('LỆNH ĐIỀU XE'!$J$5:$J$604,'LỆNH ĐIỀU XE'!$B$5:$B$604,$A14,'LỆNH ĐIỀU XE'!$C$5:$C$604,$B14)) | V14: =IF(OR($A14="",D14="",N(U14)=0),"",(D14-U14)/U14) | W14: =IF(OR($A14="",G14="",H14=""),"",ROUND((H14+(H14<G14)-G14)*24,2)) | X14: =IF(OR($A14="",E14=""),"",ROUND(E14*24,2)) | Y14: =IF(OR(W14="",X14=""),"",MAX(0,W14-X14)) | Z14: =IF(OR(W14="",X14="",N(W14)=0),"",X14/W14) | AA14: =IF(OR($A14="",F14="",X14=""),"",MAX(0,ROUND(F14*24-X14,2))) | AB14: =IF(OR($A14="",M14="",N(D14)=0),"",M14/D14*100) | AC14: =IF($A14="","",SUMIFS('CHẶNG TĂNG CA'!$E$5:$E$304,'CHẶNG TĂNG CA'!$A$5:$A$304,$A14,'CHẶNG TĂNG CA'!$B$5:$B$304,$B14)) | AD14: =IF($A14="","",SUMIFS('CHẶNG TĂNG CA'!$F$5:$F$304,'CHẶNG TĂNG CA'!$A$5:$A$304,$A14,'CHẶNG TĂNG CA'!$B$5:$B$304,$B14)) | AE14: =IF($A14="","",SUMIFS('CHẶNG TĂNG CA'!$G$5:$G$304,'CHẶNG TĂNG CA'!$A$5:$A$304,$A14,'CHẶNG TĂNG CA'!$B$5:$B$304,$B14)) | AF14: =IF($A14="","",SUMIFS('CHẶNG TĂNG CA'!$H$5:$H$304,'CHẶNG TĂNG CA'!$A$5:$A$304,$A14,'CHẶNG TĂNG CA'!$B$5:$B$304,$B14)) | AG14: =IF($A14="","",SUM(AC14:AF14)) | AH14: =IF($A14="","",IF(COUNTIFS('LỆNH ĐIỀU XE'!$B$5:$B$604,$A14,'LỆNH ĐIỀU XE'!$C$5:$C$604,$B14,'LỆNH ĐIỀU XE'!$N$5:$N$604,"Có")>0,"Có","Không")) | AI14: =IF(OR($A14="",H14="",N(T14)=0),"",IF(_xlfn.MAXIFS('LỆNH ĐIỀU XE'!$U$5:$U$604,'LỆNH ĐIỀU XE'!$B$5:$B$604,$A14,'LỆNH ĐIỀU XE'!$C$5:$C$604,$B14)=0,"",ROUND((H14+(H14<4/24)-_xlfn.MAXIFS('LỆNH ĐIỀU XE'!$U$5:$U$604,'LỆNH ĐIỀU XE'!$B$5:$B$604,$A14,'LỆNH ĐIỀU XE'!$C$5:$C$604,$B14))*1440,0))) | AJ14: =IF($A14="","",IF(OR(AI14="",V14=""),"Thiếu dữ liệu",IF(AND(AI14<='THAM SỐ'!$B$29,ABS(V14)<='THAM SỐ'!$B$28),"Đạt","Không đạt"))) | AK14: =IF($A14="","",IF(AG14=0,"Không có OT",IF(AND(AH14="Có",AJ14="Đạt"),"Đủ điều kiện","Cần giải trình"))) | AL14: =IF($A14="","",TRIM(IF(T14=0,"Không có lệnh; ","")&IF(N(N14)>0,"Dừng ngoài lệnh; ","")&IF(N(J14)>0,"Quá tốc độ; ","")&IF(N(K14)>0,"Lái quá 4h; ","")&IF(N(L14)>0,"Không tắt máy; ","")&IF(OR(P14<>"Đủ",Q14<>"Đủ",R14<>"Đủ"),"Thiếu ảnh; ","")&IF(S14<>"Đạt","Lốp chưa đạt; ","")&IF(N(W14)>'THAM SỐ'!$B$27,"Có mặt quá giờ; ","")&IF(N(X14)>'THAM SỐ'!$B$25,"Lái quá giờ ngày; ","")&IF(ISNUMBER(V14),IF(ABS(V14)>'THAM SỐ'!$B$28,"Lệch km; ",""),""))) | AO14: =IF($A14="","",IF(AM14="Duyệt đủ",AG14,IF(AM14="Duyệt một phần",N(AN14),IF(AM14="Không duyệt",0,"")))) | AP14: =IF(OR($A14="",AO14=""),"",IF(AG14=0,0,ROUND((AC14*'THAM SỐ'!$B$18+AD14*'THAM SỐ'!$B$19+AE14*'THAM SỐ'!$B$20+AF14*'THAM SỐ'!$B$21)*MIN(1,AO14/AG14),0)))
T15: =IF($A15="","",COUNTIFS('LỆNH ĐIỀU XE'!$B$5:$B$604,$A15,'LỆNH ĐIỀU XE'!$C$5:$C$604,$B15)) | U15: =IF($A15="","",SUMIFS('LỆNH ĐIỀU XE'!$J$5:$J$604,'LỆNH ĐIỀU XE'!$B$5:$B$604,$A15,'LỆNH ĐIỀU XE'!$C$5:$C$604,$B15)) | V15: =IF(OR($A15="",D15="",N(U15)=0),"",(D15-U15)/U15) | W15: =IF(OR($A15="",G15="",H15=""),"",ROUND((H15+(H15<G15)-G15)*24,2)) | X15: =IF(OR($A15="",E15=""),"",ROUND(E15*24,2)) | Y15: =IF(OR(W15="",X15=""),"",MAX(0,W15-X15)) | Z15: =IF(OR(W15="",X15="",N(W15)=0),"",X15/W15) | AA15: =IF(OR($A15="",F15="",X15=""),"",MAX(0,ROUND(F15*24-X15,2))) | AB15: =IF(OR($A15="",M15="",N(D15)=0),"",M15/D15*100) | AC15: =IF($A15="","",SUMIFS('CHẶNG TĂNG CA'!$E$5:$E$304,'CHẶNG TĂNG CA'!$A$5:$A$304,$A15,'CHẶNG TĂNG CA'!$B$5:$B$304,$B15)) | AD15: =IF($A15="","",SUMIFS('CHẶNG TĂNG CA'!$F$5:$F$304,'CHẶNG TĂNG CA'!$A$5:$A$304,$A15,'CHẶNG TĂNG CA'!$B$5:$B$304,$B15)) | AE15: =IF($A15="","",SUMIFS('CHẶNG TĂNG CA'!$G$5:$G$304,'CHẶNG TĂNG CA'!$A$5:$A$304,$A15,'CHẶNG TĂNG CA'!$B$5:$B$304,$B15)) | AF15: =IF($A15="","",SUMIFS('CHẶNG TĂNG CA'!$H$5:$H$304,'CHẶNG TĂNG CA'!$A$5:$A$304,$A15,'CHẶNG TĂNG CA'!$B$5:$B$304,$B15)) | AG15: =IF($A15="","",SUM(AC15:AF15)) | AH15: =IF($A15="","",IF(COUNTIFS('LỆNH ĐIỀU XE'!$B$5:$B$604,$A15,'LỆNH ĐIỀU XE'!$C$5:$C$604,$B15,'LỆNH ĐIỀU XE'!$N$5:$N$604,"Có")>0,"Có","Không")) | AI15: =IF(OR($A15="",H15="",N(T15)=0),"",IF(_xlfn.MAXIFS('LỆNH ĐIỀU XE'!$U$5:$U$604,'LỆNH ĐIỀU XE'!$B$5:$B$604,$A15,'LỆNH ĐIỀU XE'!$C$5:$C$604,$B15)=0,"",ROUND((H15+(H15<4/24)-_xlfn.MAXIFS('LỆNH ĐIỀU XE'!$U$5:$U$604,'LỆNH ĐIỀU XE'!$B$5:$B$604,$A15,'LỆNH ĐIỀU XE'!$C$5:$C$604,$B15))*1440,0))) | AJ15: =IF($A15="","",IF(OR(AI15="",V15=""),"Thiếu dữ liệu",IF(AND(AI15<='THAM SỐ'!$B$29,ABS(V15)<='THAM SỐ'!$B$28),"Đạt","Không đạt"))) | AK15: =IF($A15="","",IF(AG15=0,"Không có OT",IF(AND(AH15="Có",AJ15="Đạt"),"Đủ điều kiện","Cần giải trình"))) | AL15: =IF($A15="","",TRIM(IF(T15=0,"Không có lệnh; ","")&IF(N(N15)>0,"Dừng ngoài lệnh; ","")&IF(N(J15)>0,"Quá tốc độ; ","")&IF(N(K15)>0,"Lái quá 4h; ","")&IF(N(L15)>0,"Không tắt máy; ","")&IF(OR(P15<>"Đủ",Q15<>"Đủ",R15<>"Đủ"),"Thiếu ảnh; ","")&IF(S15<>"Đạt","Lốp chưa đạt; ","")&IF(N(W15)>'THAM SỐ'!$B$27,"Có mặt quá giờ; ","")&IF(N(X15)>'THAM SỐ'!$B$25,"Lái quá giờ ngày; ","")&IF(ISNUMBER(V15),IF(ABS(V15)>'THAM SỐ'!$B$28,"Lệch km; ",""),""))) | AO15: =IF($A15="","",IF(AM15="Duyệt đủ",AG15,IF(AM15="Duyệt một phần",N(AN15),IF(AM15="Không duyệt",0,"")))) | AP15: =IF(OR($A15="",AO15=""),"",IF(AG15=0,0,ROUND((AC15*'THAM SỐ'!$B$18+AD15*'THAM SỐ'!$B$19+AE15*'THAM SỐ'!$B$20+AF15*'THAM SỐ'!$B$21)*MIN(1,AO15/AG15),0)))
T16: =IF($A16="","",COUNTIFS('LỆNH ĐIỀU XE'!$B$5:$B$604,$A16,'LỆNH ĐIỀU XE'!$C$5:$C$604,$B16)) | U16: =IF($A16="","",SUMIFS('LỆNH ĐIỀU XE'!$J$5:$J$604,'LỆNH ĐIỀU XE'!$B$5:$B$604,$A16,'LỆNH ĐIỀU XE'!$C$5:$C$604,$B16)) | V16: =IF(OR($A16="",D16="",N(U16)=0),"",(D16-U16)/U16) | W16: =IF(OR($A16="",G16="",H16=""),"",ROUND((H16+(H16<G16)-G16)*24,2)) | X16: =IF(OR($A16="",E16=""),"",ROUND(E16*24,2)) | Y16: =IF(OR(W16="",X16=""),"",MAX(0,W16-X16)) | Z16: =IF(OR(W16="",X16="",N(W16)=0),"",X16/W16) | AA16: =IF(OR($A16="",F16="",X16=""),"",MAX(0,ROUND(F16*24-X16,2))) | AB16: =IF(OR($A16="",M16="",N(D16)=0),"",M16/D16*100) | AC16: =IF($A16="","",SUMIFS('CHẶNG TĂNG CA'!$E$5:$E$304,'CHẶNG TĂNG CA'!$A$5:$A$304,$A16,'CHẶNG TĂNG CA'!$B$5:$B$304,$B16)) | AD16: =IF($A16="","",SUMIFS('CHẶNG TĂNG CA'!$F$5:$F$304,'CHẶNG TĂNG CA'!$A$5:$A$304,$A16,'CHẶNG TĂNG CA'!$B$5:$B$304,$B16)) | AE16: =IF($A16="","",SUMIFS('CHẶNG TĂNG CA'!$G$5:$G$304,'CHẶNG TĂNG CA'!$A$5:$A$304,$A16,'CHẶNG TĂNG CA'!$B$5:$B$304,$B16)) | AF16: =IF($A16="","",SUMIFS('CHẶNG TĂNG CA'!$H$5:$H$304,'CHẶNG TĂNG CA'!$A$5:$A$304,$A16,'CHẶNG TĂNG CA'!$B$5:$B$304,$B16)) | AG16: =IF($A16="","",SUM(AC16:AF16)) | AH16: =IF($A16="","",IF(COUNTIFS('LỆNH ĐIỀU XE'!$B$5:$B$604,$A16,'LỆNH ĐIỀU XE'!$C$5:$C$604,$B16,'LỆNH ĐIỀU XE'!$N$5:$N$604,"Có")>0,"Có","Không")) | AI16: =IF(OR($A16="",H16="",N(T16)=0),"",IF(_xlfn.MAXIFS('LỆNH ĐIỀU XE'!$U$5:$U$604,'LỆNH ĐIỀU XE'!$B$5:$B$604,$A16,'LỆNH ĐIỀU XE'!$C$5:$C$604,$B16)=0,"",ROUND((H16+(H16<4/24)-_xlfn.MAXIFS('LỆNH ĐIỀU XE'!$U$5:$U$604,'LỆNH ĐIỀU XE'!$B$5:$B$604,$A16,'LỆNH ĐIỀU XE'!$C$5:$C$604,$B16))*1440,0))) | AJ16: =IF($A16="","",IF(OR(AI16="",V16=""),"Thiếu dữ liệu",IF(AND(AI16<='THAM SỐ'!$B$29,ABS(V16)<='THAM SỐ'!$B$28),"Đạt","Không đạt"))) | AK16: =IF($A16="","",IF(AG16=0,"Không có OT",IF(AND(AH16="Có",AJ16="Đạt"),"Đủ điều kiện","Cần giải trình"))) | AL16: =IF($A16="","",TRIM(IF(T16=0,"Không có lệnh; ","")&IF(N(N16)>0,"Dừng ngoài lệnh; ","")&IF(N(J16)>0,"Quá tốc độ; ","")&IF(N(K16)>0,"Lái quá 4h; ","")&IF(N(L16)>0,"Không tắt máy; ","")&IF(OR(P16<>"Đủ",Q16<>"Đủ",R16<>"Đủ"),"Thiếu ảnh; ","")&IF(S16<>"Đạt","Lốp chưa đạt; ","")&IF(N(W16)>'THAM SỐ'!$B$27,"Có mặt quá giờ; ","")&IF(N(X16)>'THAM SỐ'!$B$25,"Lái quá giờ ngày; ","")&IF(ISNUMBER(V16),IF(ABS(V16)>'THAM SỐ'!$B$28,"Lệch km; ",""),""))) | AO16: =IF($A16="","",IF(AM16="Duyệt đủ",AG16,IF(AM16="Duyệt một phần",N(AN16),IF(AM16="Không duyệt",0,"")))) | AP16: =IF(OR($A16="",AO16=""),"",IF(AG16=0,0,ROUND((AC16*'THAM SỐ'!$B$18+AD16*'THAM SỐ'!$B$19+AE16*'THAM SỐ'!$B$20+AF16*'THAM SỐ'!$B$21)*MIN(1,AO16/AG16),0)))
T17: =IF($A17="","",COUNTIFS('LỆNH ĐIỀU XE'!$B$5:$B$604,$A17,'LỆNH ĐIỀU XE'!$C$5:$C$604,$B17)) | U17: =IF($A17="","",SUMIFS('LỆNH ĐIỀU XE'!$J$5:$J$604,'LỆNH ĐIỀU XE'!$B$5:$B$604,$A17,'LỆNH ĐIỀU XE'!$C$5:$C$604,$B17)) | V17: =IF(OR($A17="",D17="",N(U17)=0),"",(D17-U17)/U17) | W17: =IF(OR($A17="",G17="",H17=""),"",ROUND((H17+(H17<G17)-G17)*24,2)) | X17: =IF(OR($A17="",E17=""),"",ROUND(E17*24,2)) | Y17: =IF(OR(W17="",X17=""),"",MAX(0,W17-X17)) | Z17: =IF(OR(W17="",X17="",N(W17)=0),"",X17/W17) | AA17: =IF(OR($A17="",F17="",X17=""),"",MAX(0,ROUND(F17*24-X17,2))) | AB17: =IF(OR($A17="",M17="",N(D17)=0),"",M17/D17*100) | AC17: =IF($A17="","",SUMIFS('CHẶNG TĂNG CA'!$E$5:$E$304,'CHẶNG TĂNG CA'!$A$5:$A$304,$A17,'CHẶNG TĂNG CA'!$B$5:$B$304,$B17)) | AD17: =IF($A17="","",SUMIFS('CHẶNG TĂNG CA'!$F$5:$F$304,'CHẶNG TĂNG CA'!$A$5:$A$304,$A17,'CHẶNG TĂNG CA'!$B$5:$B$304,$B17)) | AE17: =IF($A17="","",SUMIFS('CHẶNG TĂNG CA'!$G$5:$G$304,'CHẶNG TĂNG CA'!$A$5:$A$304,$A17,'CHẶNG TĂNG CA'!$B$5:$B$304,$B17)) | AF17: =IF($A17="","",SUMIFS('CHẶNG TĂNG CA'!$H$5:$H$304,'CHẶNG TĂNG CA'!$A$5:$A$304,$A17,'CHẶNG TĂNG CA'!$B$5:$B$304,$B17)) | AG17: =IF($A17="","",SUM(AC17:AF17)) | AH17: =IF($A17="","",IF(COUNTIFS('LỆNH ĐIỀU XE'!$B$5:$B$604,$A17,'LỆNH ĐIỀU XE'!$C$5:$C$604,$B17,'LỆNH ĐIỀU XE'!$N$5:$N$604,"Có")>0,"Có","Không")) | AI17: =IF(OR($A17="",H17="",N(T17)=0),"",IF(_xlfn.MAXIFS('LỆNH ĐIỀU XE'!$U$5:$U$604,'LỆNH ĐIỀU XE'!$B$5:$B$604,$A17,'LỆNH ĐIỀU XE'!$C$5:$C$604,$B17)=0,"",ROUND((H17+(H17<4/24)-_xlfn.MAXIFS('LỆNH ĐIỀU XE'!$U$5:$U$604,'LỆNH ĐIỀU XE'!$B$5:$B$604,$A17,'LỆNH ĐIỀU XE'!$C$5:$C$604,$B17))*1440,0))) | AJ17: =IF($A17="","",IF(OR(AI17="",V17=""),"Thiếu dữ liệu",IF(AND(AI17<='THAM SỐ'!$B$29,ABS(V17)<='THAM SỐ'!$B$28),"Đạt","Không đạt"))) | AK17: =IF($A17="","",IF(AG17=0,"Không có OT",IF(AND(AH17="Có",AJ17="Đạt"),"Đủ điều kiện","Cần giải trình"))) | AL17: =IF($A17="","",TRIM(IF(T17=0,"Không có lệnh; ","")&IF(N(N17)>0,"Dừng ngoài lệnh; ","")&IF(N(J17)>0,"Quá tốc độ; ","")&IF(N(K17)>0,"Lái quá 4h; ","")&IF(N(L17)>0,"Không tắt máy; ","")&IF(OR(P17<>"Đủ",Q17<>"Đủ",R17<>"Đủ"),"Thiếu ảnh; ","")&IF(S17<>"Đạt","Lốp chưa đạt; ","")&IF(N(W17)>'THAM SỐ'!$B$27,"Có mặt quá giờ; ","")&IF(N(X17)>'THAM SỐ'!$B$25,"Lái quá giờ ngày; ","")&IF(ISNUMBER(V17),IF(ABS(V17)>'THAM SỐ'!$B$28,"Lệch km; ",""),""))) | AO17: =IF($A17="","",IF(AM17="Duyệt đủ",AG17,IF(AM17="Duyệt một phần",N(AN17),IF(AM17="Không duyệt",0,"")))) | AP17: =IF(OR($A17="",AO17=""),"",IF(AG17=0,0,ROUND((AC17*'THAM SỐ'!$B$18+AD17*'THAM SỐ'!$B$19+AE17*'THAM SỐ'!$B$20+AF17*'THAM SỐ'!$B$21)*MIN(1,AO17/AG17),0)))
T18: =IF($A18="","",COUNTIFS('LỆNH ĐIỀU XE'!$B$5:$B$604,$A18,'LỆNH ĐIỀU XE'!$C$5:$C$604,$B18)) | U18: =IF($A18="","",SUMIFS('LỆNH ĐIỀU XE'!$J$5:$J$604,'LỆNH ĐIỀU XE'!$B$5:$B$604,$A18,'LỆNH ĐIỀU XE'!$C$5:$C$604,$B18)) | V18: =IF(OR($A18="",D18="",N(U18)=0),"",(D18-U18)/U18) | W18: =IF(OR($A18="",G18="",H18=""),"",ROUND((H18+(H18<G18)-G18)*24,2)) | X18: =IF(OR($A18="",E18=""),"",ROUND(E18*24,2)) | Y18: =IF(OR(W18="",X18=""),"",MAX(0,W18-X18)) | Z18: =IF(OR(W18="",X18="",N(W18)=0),"",X18/W18) | AA18: =IF(OR($A18="",F18="",X18=""),"",MAX(0,ROUND(F18*24-X18,2))) | AB18: =IF(OR($A18="",M18="",N(D18)=0),"",M18/D18*100) | AC18: =IF($A18="","",SUMIFS('CHẶNG TĂNG CA'!$E$5:$E$304,'CHẶNG TĂNG CA'!$A$5:$A$304,$A18,'CHẶNG TĂNG CA'!$B$5:$B$304,$B18)) | AD18: =IF($A18="","",SUMIFS('CHẶNG TĂNG CA'!$F$5:$F$304,'CHẶNG TĂNG CA'!$A$5:$A$304,$A18,'CHẶNG TĂNG CA'!$B$5:$B$304,$B18)) | AE18: =IF($A18="","",SUMIFS('CHẶNG TĂNG CA'!$G$5:$G$304,'CHẶNG TĂNG CA'!$A$5:$A$304,$A18,'CHẶNG TĂNG CA'!$B$5:$B$304,$B18)) | AF18: =IF($A18="","",SUMIFS('CHẶNG TĂNG CA'!$H$5:$H$304,'CHẶNG TĂNG CA'!$A$5:$A$304,$A18,'CHẶNG TĂNG CA'!$B$5:$B$304,$B18)) | AG18: =IF($A18="","",SUM(AC18:AF18)) | AH18: =IF($A18="","",IF(COUNTIFS('LỆNH ĐIỀU XE'!$B$5:$B$604,$A18,'LỆNH ĐIỀU XE'!$C$5:$C$604,$B18,'LỆNH ĐIỀU XE'!$N$5:$N$604,"Có")>0,"Có","Không")) | AI18: =IF(OR($A18="",H18="",N(T18)=0),"",IF(_xlfn.MAXIFS('LỆNH ĐIỀU XE'!$U$5:$U$604,'LỆNH ĐIỀU XE'!$B$5:$B$604,$A18,'LỆNH ĐIỀU XE'!$C$5:$C$604,$B18)=0,"",ROUND((H18+(H18<4/24)-_xlfn.MAXIFS('LỆNH ĐIỀU XE'!$U$5:$U$604,'LỆNH ĐIỀU XE'!$B$5:$B$604,$A18,'LỆNH ĐIỀU XE'!$C$5:$C$604,$B18))*1440,0))) | AJ18: =IF($A18="","",IF(OR(AI18="",V18=""),"Thiếu dữ liệu",IF(AND(AI18<='THAM SỐ'!$B$29,ABS(V18)<='THAM SỐ'!$B$28),"Đạt","Không đạt"))) | AK18: =IF($A18="","",IF(AG18=0,"Không có OT",IF(AND(AH18="Có",AJ18="Đạt"),"Đủ điều kiện","Cần giải trình"))) | AL18: =IF($A18="","",TRIM(IF(T18=0,"Không có lệnh; ","")&IF(N(N18)>0,"Dừng ngoài lệnh; ","")&IF(N(J18)>0,"Quá tốc độ; ","")&IF(N(K18)>0,"Lái quá 4h; ","")&IF(N(L18)>0,"Không tắt máy; ","")&IF(OR(P18<>"Đủ",Q18<>"Đủ",R18<>"Đủ"),"Thiếu ảnh; ","")&IF(S18<>"Đạt","Lốp chưa đạt; ","")&IF(N(W18)>'THAM SỐ'!$B$27,"Có mặt quá giờ; ","")&IF(N(X18)>'THAM SỐ'!$B$25,"Lái quá giờ ngày; ","")&IF(ISNUMBER(V18),IF(ABS(V18)>'THAM SỐ'!$B$28,"Lệch km; ",""),""))) | AO18: =IF($A18="","",IF(AM18="Duyệt đủ",AG18,IF(AM18="Duyệt một phần",N(AN18),IF(AM18="Không duyệt",0,"")))) | AP18: =IF(OR($A18="",AO18=""),"",IF(AG18=0,0,ROUND((AC18*'THAM SỐ'!$B$18+AD18*'THAM SỐ'!$B$19+AE18*'THAM SỐ'!$B$20+AF18*'THAM SỐ'!$B$21)*MIN(1,AO18/AG18),0)))
T19: =IF($A19="","",COUNTIFS('LỆNH ĐIỀU XE'!$B$5:$B$604,$A19,'LỆNH ĐIỀU XE'!$C$5:$C$604,$B19)) | U19: =IF($A19="","",SUMIFS('LỆNH ĐIỀU XE'!$J$5:$J$604,'LỆNH ĐIỀU XE'!$B$5:$B$604,$A19,'LỆNH ĐIỀU XE'!$C$5:$C$604,$B19)) | V19: =IF(OR($A19="",D19="",N(U19)=0),"",(D19-U19)/U19) | W19: =IF(OR($A19="",G19="",H19=""),"",ROUND((H19+(H19<G19)-G19)*24,2)) | X19: =IF(OR($A19="",E19=""),"",ROUND(E19*24,2)) | Y19: =IF(OR(W19="",X19=""),"",MAX(0,W19-X19)) | Z19: =IF(OR(W19="",X19="",N(W19)=0),"",X19/W19) | AA19: =IF(OR($A19="",F19="",X19=""),"",MAX(0,ROUND(F19*24-X19,2))) | AB19: =IF(OR($A19="",M19="",N(D19)=0),"",M19/D19*100) | AC19: =IF($A19="","",SUMIFS('CHẶNG TĂNG CA'!$E$5:$E$304,'CHẶNG TĂNG CA'!$A$5:$A$304,$A19,'CHẶNG TĂNG CA'!$B$5:$B$304,$B19)) | AD19: =IF($A19="","",SUMIFS('CHẶNG TĂNG CA'!$F$5:$F$304,'CHẶNG TĂNG CA'!$A$5:$A$304,$A19,'CHẶNG TĂNG CA'!$B$5:$B$304,$B19)) | AE19: =IF($A19="","",SUMIFS('CHẶNG TĂNG CA'!$G$5:$G$304,'CHẶNG TĂNG CA'!$A$5:$A$304,$A19,'CHẶNG TĂNG CA'!$B$5:$B$304,$B19)) | AF19: =IF($A19="","",SUMIFS('CHẶNG TĂNG CA'!$H$5:$H$304,'CHẶNG TĂNG CA'!$A$5:$A$304,$A19,'CHẶNG TĂNG CA'!$B$5:$B$304,$B19)) | AG19: =IF($A19="","",SUM(AC19:AF19)) | AH19: =IF($A19="","",IF(COUNTIFS('LỆNH ĐIỀU XE'!$B$5:$B$604,$A19,'LỆNH ĐIỀU XE'!$C$5:$C$604,$B19,'LỆNH ĐIỀU XE'!$N$5:$N$604,"Có")>0,"Có","Không")) | AI19: =IF(OR($A19="",H19="",N(T19)=0),"",IF(_xlfn.MAXIFS('LỆNH ĐIỀU XE'!$U$5:$U$604,'LỆNH ĐIỀU XE'!$B$5:$B$604,$A19,'LỆNH ĐIỀU XE'!$C$5:$C$604,$B19)=0,"",ROUND((H19+(H19<4/24)-_xlfn.MAXIFS('LỆNH ĐIỀU XE'!$U$5:$U$604,'LỆNH ĐIỀU XE'!$B$5:$B$604,$A19,'LỆNH ĐIỀU XE'!$C$5:$C$604,$B19))*1440,0))) | AJ19: =IF($A19="","",IF(OR(AI19="",V19=""),"Thiếu dữ liệu",IF(AND(AI19<='THAM SỐ'!$B$29,ABS(V19)<='THAM SỐ'!$B$28),"Đạt","Không đạt"))) | AK19: =IF($A19="","",IF(AG19=0,"Không có OT",IF(AND(AH19="Có",AJ19="Đạt"),"Đủ điều kiện","Cần giải trình"))) | AL19: =IF($A19="","",TRIM(IF(T19=0,"Không có lệnh; ","")&IF(N(N19)>0,"Dừng ngoài lệnh; ","")&IF(N(J19)>0,"Quá tốc độ; ","")&IF(N(K19)>0,"Lái quá 4h; ","")&IF(N(L19)>0,"Không tắt máy; ","")&IF(OR(P19<>"Đủ",Q19<>"Đủ",R19<>"Đủ"),"Thiếu ảnh; ","")&IF(S19<>"Đạt","Lốp chưa đạt; ","")&IF(N(W19)>'THAM SỐ'!$B$27,"Có mặt quá giờ; ","")&IF(N(X19)>'THAM SỐ'!$B$25,"Lái quá giờ ngày; ","")&IF(ISNUMBER(V19),IF(ABS(V19)>'THAM SỐ'!$B$28,"Lệch km; ",""),""))) | AO19: =IF($A19="","",IF(AM19="Duyệt đủ",AG19,IF(AM19="Duyệt một phần",N(AN19),IF(AM19="Không duyệt",0,"")))) | AP19: =IF(OR($A19="",AO19=""),"",IF(AG19=0,0,ROUND((AC19*'THAM SỐ'!$B$18+AD19*'THAM SỐ'!$B$19+AE19*'THAM SỐ'!$B$20+AF19*'THAM SỐ'!$B$21)*MIN(1,AO19/AG19),0)))
T20: =IF($A20="","",COUNTIFS('LỆNH ĐIỀU XE'!$B$5:$B$604,$A20,'LỆNH ĐIỀU XE'!$C$5:$C$604,$B20)) | U20: =IF($A20="","",SUMIFS('LỆNH ĐIỀU XE'!$J$5:$J$604,'LỆNH ĐIỀU XE'!$B$5:$B$604,$A20,'LỆNH ĐIỀU XE'!$C$5:$C$604,$B20)) | V20: =IF(OR($A20="",D20="",N(U20)=0),"",(D20-U20)/U20) | W20: =IF(OR($A20="",G20="",H20=""),"",ROUND((H20+(H20<G20)-G20)*24,2)) | X20: =IF(OR($A20="",E20=""),"",ROUND(E20*24,2)) | Y20: =IF(OR(W20="",X20=""),"",MAX(0,W20-X20)) | Z20: =IF(OR(W20="",X20="",N(W20)=0),"",X20/W20) | AA20: =IF(OR($A20="",F20="",X20=""),"",MAX(0,ROUND(F20*24-X20,2))) | AB20: =IF(OR($A20="",M20="",N(D20)=0),"",M20/D20*100) | AC20: =IF($A20="","",SUMIFS('CHẶNG TĂNG CA'!$E$5:$E$304,'CHẶNG TĂNG CA'!$A$5:$A$304,$A20,'CHẶNG TĂNG CA'!$B$5:$B$304,$B20)) | AD20: =IF($A20="","",SUMIFS('CHẶNG TĂNG CA'!$F$5:$F$304,'CHẶNG TĂNG CA'!$A$5:$A$304,$A20,'CHẶNG TĂNG CA'!$B$5:$B$304,$B20)) | AE20: =IF($A20="","",SUMIFS('CHẶNG TĂNG CA'!$G$5:$G$304,'CHẶNG TĂNG CA'!$A$5:$A$304,$A20,'CHẶNG TĂNG CA'!$B$5:$B$304,$B20)) | AF20: =IF($A20="","",SUMIFS('CHẶNG TĂNG CA'!$H$5:$H$304,'CHẶNG TĂNG CA'!$A$5:$A$304,$A20,'CHẶNG TĂNG CA'!$B$5:$B$304,$B20)) | AG20: =IF($A20="","",SUM(AC20:AF20)) | AH20: =IF($A20="","",IF(COUNTIFS('LỆNH ĐIỀU XE'!$B$5:$B$604,$A20,'LỆNH ĐIỀU XE'!$C$5:$C$604,$B20,'LỆNH ĐIỀU XE'!$N$5:$N$604,"Có")>0,"Có","Không")) | AI20: =IF(OR($A20="",H20="",N(T20)=0),"",IF(_xlfn.MAXIFS('LỆNH ĐIỀU XE'!$U$5:$U$604,'LỆNH ĐIỀU XE'!$B$5:$B$604,$A20,'LỆNH ĐIỀU XE'!$C$5:$C$604,$B20)=0,"",ROUND((H20+(H20<4/24)-_xlfn.MAXIFS('LỆNH ĐIỀU XE'!$U$5:$U$604,'LỆNH ĐIỀU XE'!$B$5:$B$604,$A20,'LỆNH ĐIỀU XE'!$C$5:$C$604,$B20))*1440,0))) | AJ20: =IF($A20="","",IF(OR(AI20="",V20=""),"Thiếu dữ liệu",IF(AND(AI20<='THAM SỐ'!$B$29,ABS(V20)<='THAM SỐ'!$B$28),"Đạt","Không đạt"))) | AK20: =IF($A20="","",IF(AG20=0,"Không có OT",IF(AND(AH20="Có",AJ20="Đạt"),"Đủ điều kiện","Cần giải trình"))) | AL20: =IF($A20="","",TRIM(IF(T20=0,"Không có lệnh; ","")&IF(N(N20)>0,"Dừng ngoài lệnh; ","")&IF(N(J20)>0,"Quá tốc độ; ","")&IF(N(K20)>0,"Lái quá 4h; ","")&IF(N(L20)>0,"Không tắt máy; ","")&IF(OR(P20<>"Đủ",Q20<>"Đủ",R20<>"Đủ"),"Thiếu ảnh; ","")&IF(S20<>"Đạt","Lốp chưa đạt; ","")&IF(N(W20)>'THAM SỐ'!$B$27,"Có mặt quá giờ; ","")&IF(N(X20)>'THAM SỐ'!$B$25,"Lái quá giờ ngày; ","")&IF(ISNUMBER(V20),IF(ABS(V20)>'THAM SỐ'!$B$28,"Lệch km; ",""),""))) | AO20: =IF($A20="","",IF(AM20="Duyệt đủ",AG20,IF(AM20="Duyệt một phần",N(AN20),IF(AM20="Không duyệt",0,"")))) | AP20: =IF(OR($A20="",AO20=""),"",IF(AG20=0,0,ROUND((AC20*'THAM SỐ'!$B$18+AD20*'THAM SỐ'!$B$19+AE20*'THAM SỐ'!$B$20+AF20*'THAM SỐ'!$B$21)*MIN(1,AO20/AG20),0)))
T21: =IF($A21="","",COUNTIFS('LỆNH ĐIỀU XE'!$B$5:$B$604,$A21,'LỆNH ĐIỀU XE'!$C$5:$C$604,$B21)) | U21: =IF($A21="","",SUMIFS('LỆNH ĐIỀU XE'!$J$5:$J$604,'LỆNH ĐIỀU XE'!$B$5:$B$604,$A21,'LỆNH ĐIỀU XE'!$C$5:$C$604,$B21)) | V21: =IF(OR($A21="",D21="",N(U21)=0),"",(D21-U21)/U21) | W21: =IF(OR($A21="",G21="",H21=""),"",ROUND((H21+(H21<G21)-G21)*24,2)) | X21: =IF(OR($A21="",E21=""),"",ROUND(E21*24,2)) | Y21: =IF(OR(W21="",X21=""),"",MAX(0,W21-X21)) | Z21: =IF(OR(W21="",X21="",N(W21)=0),"",X21/W21) | AA21: =IF(OR($A21="",F21="",X21=""),"",MAX(0,ROUND(F21*24-X21,2))) | AB21: =IF(OR($A21="",M21="",N(D21)=0),"",M21/D21*100) | AC21: =IF($A21="","",SUMIFS('CHẶNG TĂNG CA'!$E$5:$E$304,'CHẶNG TĂNG CA'!$A$5:$A$304,$A21,'CHẶNG TĂNG CA'!$B$5:$B$304,$B21)) | AD21: =IF($A21="","",SUMIFS('CHẶNG TĂNG CA'!$F$5:$F$304,'CHẶNG TĂNG CA'!$A$5:$A$304,$A21,'CHẶNG TĂNG CA'!$B$5:$B$304,$B21)) | AE21: =IF($A21="","",SUMIFS('CHẶNG TĂNG CA'!$G$5:$G$304,'CHẶNG TĂNG CA'!$A$5:$A$304,$A21,'CHẶNG TĂNG CA'!$B$5:$B$304,$B21)) | AF21: =IF($A21="","",SUMIFS('CHẶNG TĂNG CA'!$H$5:$H$304,'CHẶNG TĂNG CA'!$A$5:$A$304,$A21,'CHẶNG TĂNG CA'!$B$5:$B$304,$B21)) | AG21: =IF($A21="","",SUM(AC21:AF21)) | AH21: =IF($A21="","",IF(COUNTIFS('LỆNH ĐIỀU XE'!$B$5:$B$604,$A21,'LỆNH ĐIỀU XE'!$C$5:$C$604,$B21,'LỆNH ĐIỀU XE'!$N$5:$N$604,"Có")>0,"Có","Không")) | AI21: =IF(OR($A21="",H21="",N(T21)=0),"",IF(_xlfn.MAXIFS('LỆNH ĐIỀU XE'!$U$5:$U$604,'LỆNH ĐIỀU XE'!$B$5:$B$604,$A21,'LỆNH ĐIỀU XE'!$C$5:$C$604,$B21)=0,"",ROUND((H21+(H21<4/24)-_xlfn.MAXIFS('LỆNH ĐIỀU XE'!$U$5:$U$604,'LỆNH ĐIỀU XE'!$B$5:$B$604,$A21,'LỆNH ĐIỀU XE'!$C$5:$C$604,$B21))*1440,0))) | AJ21: =IF($A21="","",IF(OR(AI21="",V21=""),"Thiếu dữ liệu",IF(AND(AI21<='THAM SỐ'!$B$29,ABS(V21)<='THAM SỐ'!$B$28),"Đạt","Không đạt"))) | AK21: =IF($A21="","",IF(AG21=0,"Không có OT",IF(AND(AH21="Có",AJ21="Đạt"),"Đủ điều kiện","Cần giải trình"))) | AL21: =IF($A21="","",TRIM(IF(T21=0,"Không có lệnh; ","")&IF(N(N21)>0,"Dừng ngoài lệnh; ","")&IF(N(J21)>0,"Quá tốc độ; ","")&IF(N(K21)>0,"Lái quá 4h; ","")&IF(N(L21)>0,"Không tắt máy; ","")&IF(OR(P21<>"Đủ",Q21<>"Đủ",R21<>"Đủ"),"Thiếu ảnh; ","")&IF(S21<>"Đạt","Lốp chưa đạt; ","")&IF(N(W21)>'THAM SỐ'!$B$27,"Có mặt quá giờ; ","")&IF(N(X21)>'THAM SỐ'!$B$25,"Lái quá giờ ngày; ","")&IF(ISNUMBER(V21),IF(ABS(V21)>'THAM SỐ'!$B$28,"Lệch km; ",""),""))) | AO21: =IF($A21="","",IF(AM21="Duyệt đủ",AG21,IF(AM21="Duyệt một phần",N(AN21),IF(AM21="Không duyệt",0,"")))) | AP21: =IF(OR($A21="",AO21=""),"",IF(AG21=0,0,ROUND((AC21*'THAM SỐ'!$B$18+AD21*'THAM SỐ'!$B$19+AE21*'THAM SỐ'!$B$20+AF21*'THAM SỐ'!$B$21)*MIN(1,AO21/AG21),0)))
T22: =IF($A22="","",COUNTIFS('LỆNH ĐIỀU XE'!$B$5:$B$604,$A22,'LỆNH ĐIỀU XE'!$C$5:$C$604,$B22)) | U22: =IF($A22="","",SUMIFS('LỆNH ĐIỀU XE'!$J$5:$J$604,'LỆNH ĐIỀU XE'!$B$5:$B$604,$A22,'LỆNH ĐIỀU XE'!$C$5:$C$604,$B22)) | V22: =IF(OR($A22="",D22="",N(U22)=0),"",(D22-U22)/U22) | W22: =IF(OR($A22="",G22="",H22=""),"",ROUND((H22+(H22<G22)-G22)*24,2)) | X22: =IF(OR($A22="",E22=""),"",ROUND(E22*24,2)) | Y22: =IF(OR(W22="",X22=""),"",MAX(0,W22-X22)) | Z22: =IF(OR(W22="",X22="",N(W22)=0),"",X22/W22) | AA22: =IF(OR($A22="",F22="",X22=""),"",MAX(0,ROUND(F22*24-X22,2))) | AB22: =IF(OR($A22="",M22="",N(D22)=0),"",M22/D22*100) | AC22: =IF($A22="","",SUMIFS('CHẶNG TĂNG CA'!$E$5:$E$304,'CHẶNG TĂNG CA'!$A$5:$A$304,$A22,'CHẶNG TĂNG CA'!$B$5:$B$304,$B22)) | AD22: =IF($A22="","",SUMIFS('CHẶNG TĂNG CA'!$F$5:$F$304,'CHẶNG TĂNG CA'!$A$5:$A$304,$A22,'CHẶNG TĂNG CA'!$B$5:$B$304,$B22)) | AE22: =IF($A22="","",SUMIFS('CHẶNG TĂNG CA'!$G$5:$G$304,'CHẶNG TĂNG CA'!$A$5:$A$304,$A22,'CHẶNG TĂNG CA'!$B$5:$B$304,$B22)) | AF22: =IF($A22="","",SUMIFS('CHẶNG TĂNG CA'!$H$5:$H$304,'CHẶNG TĂNG CA'!$A$5:$A$304,$A22,'CHẶNG TĂNG CA'!$B$5:$B$304,$B22)) | AG22: =IF($A22="","",SUM(AC22:AF22)) | AH22: =IF($A22="","",IF(COUNTIFS('LỆNH ĐIỀU XE'!$B$5:$B$604,$A22,'LỆNH ĐIỀU XE'!$C$5:$C$604,$B22,'LỆNH ĐIỀU XE'!$N$5:$N$604,"Có")>0,"Có","Không")) | AI22: =IF(OR($A22="",H22="",N(T22)=0),"",IF(_xlfn.MAXIFS('LỆNH ĐIỀU XE'!$U$5:$U$604,'LỆNH ĐIỀU XE'!$B$5:$B$604,$A22,'LỆNH ĐIỀU XE'!$C$5:$C$604,$B22)=0,"",ROUND((H22+(H22<4/24)-_xlfn.MAXIFS('LỆNH ĐIỀU XE'!$U$5:$U$604,'LỆNH ĐIỀU XE'!$B$5:$B$604,$A22,'LỆNH ĐIỀU XE'!$C$5:$C$604,$B22))*1440,0))) | AJ22: =IF($A22="","",IF(OR(AI22="",V22=""),"Thiếu dữ liệu",IF(AND(AI22<='THAM SỐ'!$B$29,ABS(V22)<='THAM SỐ'!$B$28),"Đạt","Không đạt"))) | AK22: =IF($A22="","",IF(AG22=0,"Không có OT",IF(AND(AH22="Có",AJ22="Đạt"),"Đủ điều kiện","Cần giải trình"))) | AL22: =IF($A22="","",TRIM(IF(T22=0,"Không có lệnh; ","")&IF(N(N22)>0,"Dừng ngoài lệnh; ","")&IF(N(J22)>0,"Quá tốc độ; ","")&IF(N(K22)>0,"Lái quá 4h; ","")&IF(N(L22)>0,"Không tắt máy; ","")&IF(OR(P22<>"Đủ",Q22<>"Đủ",R22<>"Đủ"),"Thiếu ảnh; ","")&IF(S22<>"Đạt","Lốp chưa đạt; ","")&IF(N(W22)>'THAM SỐ'!$B$27,"Có mặt quá giờ; ","")&IF(N(X22)>'THAM SỐ'!$B$25,"Lái quá giờ ngày; ","")&IF(ISNUMBER(V22),IF(ABS(V22)>'THAM SỐ'!$B$28,"Lệch km; ",""),""))) | AO22: =IF($A22="","",IF(AM22="Duyệt đủ",AG22,IF(AM22="Duyệt một phần",N(AN22),IF(AM22="Không duyệt",0,"")))) | AP22: =IF(OR($A22="",AO22=""),"",IF(AG22=0,0,ROUND((AC22*'THAM SỐ'!$B$18+AD22*'THAM SỐ'!$B$19+AE22*'THAM SỐ'!$B$20+AF22*'THAM SỐ'!$B$21)*MIN(1,AO22/AG22),0)))
T23: =IF($A23="","",COUNTIFS('LỆNH ĐIỀU XE'!$B$5:$B$604,$A23,'LỆNH ĐIỀU XE'!$C$5:$C$604,$B23)) | U23: =IF($A23="","",SUMIFS('LỆNH ĐIỀU XE'!$J$5:$J$604,'LỆNH ĐIỀU XE'!$B$5:$B$604,$A23,'LỆNH ĐIỀU XE'!$C$5:$C$604,$B23)) | V23: =IF(OR($A23="",D23="",N(U23)=0),"",(D23-U23)/U23) | W23: =IF(OR($A23="",G23="",H23=""),"",ROUND((H23+(H23<G23)-G23)*24,2)) | X23: =IF(OR($A23="",E23=""),"",ROUND(E23*24,2)) | Y23: =IF(OR(W23="",X23=""),"",MAX(0,W23-X23)) | Z23: =IF(OR(W23="",X23="",N(W23)=0),"",X23/W23) | AA23: =IF(OR($A23="",F23="",X23=""),"",MAX(0,ROUND(F23*24-X23,2))) | AB23: =IF(OR($A23="",M23="",N(D23)=0),"",M23/D23*100) | AC23: =IF($A23="","",SUMIFS('CHẶNG TĂNG CA'!$E$5:$E$304,'CHẶNG TĂNG CA'!$A$5:$A$304,$A23,'CHẶNG TĂNG CA'!$B$5:$B$304,$B23)) | AD23: =IF($A23="","",SUMIFS('CHẶNG TĂNG CA'!$F$5:$F$304,'CHẶNG TĂNG CA'!$A$5:$A$304,$A23,'CHẶNG TĂNG CA'!$B$5:$B$304,$B23)) | AE23: =IF($A23="","",SUMIFS('CHẶNG TĂNG CA'!$G$5:$G$304,'CHẶNG TĂNG CA'!$A$5:$A$304,$A23,'CHẶNG TĂNG CA'!$B$5:$B$304,$B23)) | AF23: =IF($A23="","",SUMIFS('CHẶNG TĂNG CA'!$H$5:$H$304,'CHẶNG TĂNG CA'!$A$5:$A$304,$A23,'CHẶNG TĂNG CA'!$B$5:$B$304,$B23)) | AG23: =IF($A23="","",SUM(AC23:AF23)) | AH23: =IF($A23="","",IF(COUNTIFS('LỆNH ĐIỀU XE'!$B$5:$B$604,$A23,'LỆNH ĐIỀU XE'!$C$5:$C$604,$B23,'LỆNH ĐIỀU XE'!$N$5:$N$604,"Có")>0,"Có","Không")) | AI23: =IF(OR($A23="",H23="",N(T23)=0),"",IF(_xlfn.MAXIFS('LỆNH ĐIỀU XE'!$U$5:$U$604,'LỆNH ĐIỀU XE'!$B$5:$B$604,$A23,'LỆNH ĐIỀU XE'!$C$5:$C$604,$B23)=0,"",ROUND((H23+(H23<4/24)-_xlfn.MAXIFS('LỆNH ĐIỀU XE'!$U$5:$U$604,'LỆNH ĐIỀU XE'!$B$5:$B$604,$A23,'LỆNH ĐIỀU XE'!$C$5:$C$604,$B23))*1440,0))) | AJ23: =IF($A23="","",IF(OR(AI23="",V23=""),"Thiếu dữ liệu",IF(AND(AI23<='THAM SỐ'!$B$29,ABS(V23)<='THAM SỐ'!$B$28),"Đạt","Không đạt"))) | AK23: =IF($A23="","",IF(AG23=0,"Không có OT",IF(AND(AH23="Có",AJ23="Đạt"),"Đủ điều kiện","Cần giải trình"))) | AL23: =IF($A23="","",TRIM(IF(T23=0,"Không có lệnh; ","")&IF(N(N23)>0,"Dừng ngoài lệnh; ","")&IF(N(J23)>0,"Quá tốc độ; ","")&IF(N(K23)>0,"Lái quá 4h; ","")&IF(N(L23)>0,"Không tắt máy; ","")&IF(OR(P23<>"Đủ",Q23<>"Đủ",R23<>"Đủ"),"Thiếu ảnh; ","")&IF(S23<>"Đạt","Lốp chưa đạt; ","")&IF(N(W23)>'THAM SỐ'!$B$27,"Có mặt quá giờ; ","")&IF(N(X23)>'THAM SỐ'!$B$25,"Lái quá giờ ngày; ","")&IF(ISNUMBER(V23),IF(ABS(V23)>'THAM SỐ'!$B$28,"Lệch km; ",""),""))) | AO23: =IF($A23="","",IF(AM23="Duyệt đủ",AG23,IF(AM23="Duyệt một phần",N(AN23),IF(AM23="Không duyệt",0,"")))) | AP23: =IF(OR($A23="",AO23=""),"",IF(AG23=0,0,ROUND((AC23*'THAM SỐ'!$B$18+AD23*'THAM SỐ'!$B$19+AE23*'THAM SỐ'!$B$20+AF23*'THAM SỐ'!$B$21)*MIN(1,AO23/AG23),0)))
T24: =IF($A24="","",COUNTIFS('LỆNH ĐIỀU XE'!$B$5:$B$604,$A24,'LỆNH ĐIỀU XE'!$C$5:$C$604,$B24)) | U24: =IF($A24="","",SUMIFS('LỆNH ĐIỀU XE'!$J$5:$J$604,'LỆNH ĐIỀU XE'!$B$5:$B$604,$A24,'LỆNH ĐIỀU XE'!$C$5:$C$604,$B24)) | V24: =IF(OR($A24="",D24="",N(U24)=0),"",(D24-U24)/U24) | W24: =IF(OR($A24="",G24="",H24=""),"",ROUND((H24+(H24<G24)-G24)*24,2)) | X24: =IF(OR($A24="",E24=""),"",ROUND(E24*24,2)) | Y24: =IF(OR(W24="",X24=""),"",MAX(0,W24-X24)) | Z24: =IF(OR(W24="",X24="",N(W24)=0),"",X24/W24) | AA24: =IF(OR($A24="",F24="",X24=""),"",MAX(0,ROUND(F24*24-X24,2))) | AB24: =IF(OR($A24="",M24="",N(D24)=0),"",M24/D24*100) | AC24: =IF($A24="","",SUMIFS('CHẶNG TĂNG CA'!$E$5:$E$304,'CHẶNG TĂNG CA'!$A$5:$A$304,$A24,'CHẶNG TĂNG CA'!$B$5:$B$304,$B24)) | AD24: =IF($A24="","",SUMIFS('CHẶNG TĂNG CA'!$F$5:$F$304,'CHẶNG TĂNG CA'!$A$5:$A$304,$A24,'CHẶNG TĂNG CA'!$B$5:$B$304,$B24)) | AE24: =IF($A24="","",SUMIFS('CHẶNG TĂNG CA'!$G$5:$G$304,'CHẶNG TĂNG CA'!$A$5:$A$304,$A24,'CHẶNG TĂNG CA'!$B$5:$B$304,$B24)) | AF24: =IF($A24="","",SUMIFS('CHẶNG TĂNG CA'!$H$5:$H$304,'CHẶNG TĂNG CA'!$A$5:$A$304,$A24,'CHẶNG TĂNG CA'!$B$5:$B$304,$B24)) | AG24: =IF($A24="","",SUM(AC24:AF24)) | AH24: =IF($A24="","",IF(COUNTIFS('LỆNH ĐIỀU XE'!$B$5:$B$604,$A24,'LỆNH ĐIỀU XE'!$C$5:$C$604,$B24,'LỆNH ĐIỀU XE'!$N$5:$N$604,"Có")>0,"Có","Không")) | AI24: =IF(OR($A24="",H24="",N(T24)=0),"",IF(_xlfn.MAXIFS('LỆNH ĐIỀU XE'!$U$5:$U$604,'LỆNH ĐIỀU XE'!$B$5:$B$604,$A24,'LỆNH ĐIỀU XE'!$C$5:$C$604,$B24)=0,"",ROUND((H24+(H24<4/24)-_xlfn.MAXIFS('LỆNH ĐIỀU XE'!$U$5:$U$604,'LỆNH ĐIỀU XE'!$B$5:$B$604,$A24,'LỆNH ĐIỀU XE'!$C$5:$C$604,$B24))*1440,0))) | AJ24: =IF($A24="","",IF(OR(AI24="",V24=""),"Thiếu dữ liệu",IF(AND(AI24<='THAM SỐ'!$B$29,ABS(V24)<='THAM SỐ'!$B$28),"Đạt","Không đạt"))) | AK24: =IF($A24="","",IF(AG24=0,"Không có OT",IF(AND(AH24="Có",AJ24="Đạt"),"Đủ điều kiện","Cần giải trình"))) | AL24: =IF($A24="","",TRIM(IF(T24=0,"Không có lệnh; ","")&IF(N(N24)>0,"Dừng ngoài lệnh; ","")&IF(N(J24)>0,"Quá tốc độ; ","")&IF(N(K24)>0,"Lái quá 4h; ","")&IF(N(L24)>0,"Không tắt máy; ","")&IF(OR(P24<>"Đủ",Q24<>"Đủ",R24<>"Đủ"),"Thiếu ảnh; ","")&IF(S24<>"Đạt","Lốp chưa đạt; ","")&IF(N(W24)>'THAM SỐ'!$B$27,"Có mặt quá giờ; ","")&IF(N(X24)>'THAM SỐ'!$B$25,"Lái quá giờ ngày; ","")&IF(ISNUMBER(V24),IF(ABS(V24)>'THAM SỐ'!$B$28,"Lệch km; ",""),""))) | AO24: =IF($A24="","",IF(AM24="Duyệt đủ",AG24,IF(AM24="Duyệt một phần",N(AN24),IF(AM24="Không duyệt",0,"")))) | AP24: =IF(OR($A24="",AO24=""),"",IF(AG24=0,0,ROUND((AC24*'THAM SỐ'!$B$18+AD24*'THAM SỐ'!$B$19+AE24*'THAM SỐ'!$B$20+AF24*'THAM SỐ'!$B$21)*MIN(1,AO24/AG24),0)))
T25: =IF($A25="","",COUNTIFS('LỆNH ĐIỀU XE'!$B$5:$B$604,$A25,'LỆNH ĐIỀU XE'!$C$5:$C$604,$B25)) | U25: =IF($A25="","",SUMIFS('LỆNH ĐIỀU XE'!$J$5:$J$604,'LỆNH ĐIỀU XE'!$B$5:$B$604,$A25,'LỆNH ĐIỀU XE'!$C$5:$C$604,$B25)) | V25: =IF(OR($A25="",D25="",N(U25)=0),"",(D25-U25)/U25) | W25: =IF(OR($A25="",G25="",H25=""),"",ROUND((H25+(H25<G25)-G25)*24,2)) | X25: =IF(OR($A25="",E25=""),"",ROUND(E25*24,2)) | Y25: =IF(OR(W25="",X25=""),"",MAX(0,W25-X25)) | Z25: =IF(OR(W25="",X25="",N(W25)=0),"",X25/W25) | AA25: =IF(OR($A25="",F25="",X25=""),"",MAX(0,ROUND(F25*24-X25,2))) | AB25: =IF(OR($A25="",M25="",N(D25)=0),"",M25/D25*100) | AC25: =IF($A25="","",SUMIFS('CHẶNG TĂNG CA'!$E$5:$E$304,'CHẶNG TĂNG CA'!$A$5:$A$304,$A25,'CHẶNG TĂNG CA'!$B$5:$B$304,$B25)) | AD25: =IF($A25="","",SUMIFS('CHẶNG TĂNG CA'!$F$5:$F$304,'CHẶNG TĂNG CA'!$A$5:$A$304,$A25,'CHẶNG TĂNG CA'!$B$5:$B$304,$B25)) | AE25: =IF($A25="","",SUMIFS('CHẶNG TĂNG CA'!$G$5:$G$304,'CHẶNG TĂNG CA'!$A$5:$A$304,$A25,'CHẶNG TĂNG CA'!$B$5:$B$304,$B25)) | AF25: =IF($A25="","",SUMIFS('CHẶNG TĂNG CA'!$H$5:$H$304,'CHẶNG TĂNG CA'!$A$5:$A$304,$A25,'CHẶNG TĂNG CA'!$B$5:$B$304,$B25)) | AG25: =IF($A25="","",SUM(AC25:AF25)) | AH25: =IF($A25="","",IF(COUNTIFS('LỆNH ĐIỀU XE'!$B$5:$B$604,$A25,'LỆNH ĐIỀU XE'!$C$5:$C$604,$B25,'LỆNH ĐIỀU XE'!$N$5:$N$604,"Có")>0,"Có","Không")) | AI25: =IF(OR($A25="",H25="",N(T25)=0),"",IF(_xlfn.MAXIFS('LỆNH ĐIỀU XE'!$U$5:$U$604,'LỆNH ĐIỀU XE'!$B$5:$B$604,$A25,'LỆNH ĐIỀU XE'!$C$5:$C$604,$B25)=0,"",ROUND((H25+(H25<4/24)-_xlfn.MAXIFS('LỆNH ĐIỀU XE'!$U$5:$U$604,'LỆNH ĐIỀU XE'!$B$5:$B$604,$A25,'LỆNH ĐIỀU XE'!$C$5:$C$604,$B25))*1440,0))) | AJ25: =IF($A25="","",IF(OR(AI25="",V25=""),"Thiếu dữ liệu",IF(AND(AI25<='THAM SỐ'!$B$29,ABS(V25)<='THAM SỐ'!$B$28),"Đạt","Không đạt"))) | AK25: =IF($A25="","",IF(AG25=0,"Không có OT",IF(AND(AH25="Có",AJ25="Đạt"),"Đủ điều kiện","Cần giải trình"))) | AL25: =IF($A25="","",TRIM(IF(T25=0,"Không có lệnh; ","")&IF(N(N25)>0,"Dừng ngoài lệnh; ","")&IF(N(J25)>0,"Quá tốc độ; ","")&IF(N(K25)>0,"Lái quá 4h; ","")&IF(N(L25)>0,"Không tắt máy; ","")&IF(OR(P25<>"Đủ",Q25<>"Đủ",R25<>"Đủ"),"Thiếu ảnh; ","")&IF(S25<>"Đạt","Lốp chưa đạt; ","")&IF(N(W25)>'THAM SỐ'!$B$27,"Có mặt quá giờ; ","")&IF(N(X25)>'THAM SỐ'!$B$25,"Lái quá giờ ngày; ","")&IF(ISNUMBER(V25),IF(ABS(V25)>'THAM SỐ'!$B$28,"Lệch km; ",""),""))) | AO25: =IF($A25="","",IF(AM25="Duyệt đủ",AG25,IF(AM25="Duyệt một phần",N(AN25),IF(AM25="Không duyệt",0,"")))) | AP25: =IF(OR($A25="",AO25=""),"",IF(AG25=0,0,ROUND((AC25*'THAM SỐ'!$B$18+AD25*'THAM SỐ'!$B$19+AE25*'THAM SỐ'!$B$20+AF25*'THAM SỐ'!$B$21)*MIN(1,AO25/AG25),0)))
... T404: =IF($A404="","",COUNTIFS('LỆNH ĐIỀU XE'!$B$5:$B$604,$A404,'LỆNH ĐIỀU XE'!$C$5:$C$604,$B404)) | U404: =IF($A404="","",SUMIFS('LỆNH ĐIỀU XE'!$J$5:$J$604,'LỆNH ĐIỀU XE'!$B$5:$B$604,$A404,'LỆNH ĐIỀU XE'!$C$5:$C$604,$B404)) | V404: =IF(OR($A404="",D404="",N(U404)=0),"",(D404-U404)/U404) | W404: =IF(OR($A404="",G404="",H404=""),"",ROUND((H404+(H404<G404)-G404)*24,2)) | X404: =IF(OR($A404="",E404=""),"",ROUND(E404*24,2)) | Y404: =IF(OR(W404="",X404=""),"",MAX(0,W404-X404)) | Z404: =IF(OR(W404="",X404="",N(W404)=0),"",X404/W404) | AA404: =IF(OR($A404="",F404="",X404=""),"",MAX(0,ROUND(F404*24-X404,2))) | AB404: =IF(OR($A404="",M404="",N(D404)=0),"",M404/D404*100) | AC404: =IF($A404="","",SUMIFS('CHẶNG TĂNG CA'!$E$5:$E$304,'CHẶNG TĂNG CA'!$A$5:$A$304,$A404,'CHẶNG TĂNG CA'!$B$5:$B$304,$B404)) | AD404: =IF($A404="","",SUMIFS('CHẶNG TĂNG CA'!$F$5:$F$304,'CHẶNG TĂNG CA'!$A$5:$A$304,$A404,'CHẶNG TĂNG CA'!$B$5:$B$304,$B404)) | AE404: =IF($A404="","",SUMIFS('CHẶNG TĂNG CA'!$G$5:$G$304,'CHẶNG TĂNG CA'!$A$5:$A$304,$A404,'CHẶNG TĂNG CA'!$B$5:$B$304,$B404)) | AF404: =IF($A404="","",SUMIFS('CHẶNG TĂNG CA'!$H$5:$H$304,'CHẶNG TĂNG CA'!$A$5:$A$304,$A404,'CHẶNG TĂNG CA'!$B$5:$B$304,$B404)) | AG404: =IF($A404="","",SUM(AC404:AF404)) | AH404: =IF($A404="","",IF(COUNTIFS('LỆNH ĐIỀU XE'!$B$5:$B$604,$A404,'LỆNH ĐIỀU XE'!$C$5:$C$604,$B404,'LỆNH ĐIỀU XE'!$N$5:$N$604,"Có")>0,"Có","Không")) | AI404: =IF(OR($A404="",H404="",N(T404)=0),"",IF(_xlfn.MAXIFS('LỆNH ĐIỀU XE'!$U$5:$U$604,'LỆNH ĐIỀU XE'!$B$5:$B$604,$A404,'LỆNH ĐIỀU XE'!$C$5:$C$604,$B404)=0,"",ROUND((H404+(H404<4/24)-_xlfn.MAXIFS('LỆNH ĐIỀU XE'!$U$5:$U$604,'LỆNH ĐIỀU XE'!$B$5:$B$604,$A404,'LỆNH ĐIỀU XE'!$C$5:$C$604,$B404))*1440,0))) | AJ404: =IF($A404="","",IF(OR(AI404="",V404=""),"Thiếu dữ liệu",IF(AND(AI404<='THAM SỐ'!$B$29,ABS(V404)<='THAM SỐ'!$B$28),"Đạt","Không đạt"))) | AK404: =IF($A404="","",IF(AG404=0,"Không có OT",IF(AND(AH404="Có",AJ404="Đạt"),"Đủ điều kiện","Cần giải trình"))) | AL404: =IF($A404="","",TRIM(IF(T404=0,"Không có lệnh; ","")&IF(N(N404)>0,"Dừng ngoài lệnh; ","")&IF(N(J404)>0,"Quá tốc độ; ","")&IF(N(K404)>0,"Lái quá 4h; ","")&IF(N(L404)>0,"Không tắt máy; ","")&IF(OR(P404<>"Đủ",Q404<>"Đủ",R404<>"Đủ"),"Thiếu ảnh; ","")&IF(S404<>"Đạt","Lốp chưa đạt; ","")&IF(N(W404)>'THAM SỐ'!$B$27,"Có mặt quá giờ; ","")&IF(N(X404)>'THAM SỐ'!$B$25,"Lái quá giờ ngày; ","")&IF(ISNUMBER(V404),IF(ABS(V404)>'THAM SỐ'!$B$28,"Lệch km; ",""),""))) | AO404: =IF($A404="","",IF(AM404="Duyệt đủ",AG404,IF(AM404="Duyệt một phần",N(AN404),IF(AM404="Không duyệt",0,"")))) | AP404: =IF(OR($A404="",AO404=""),"",IF(AG404=0,0,ROUND((AC404*'THAM SỐ'!$B$18+AD404*'THAM SỐ'!$B$19+AE404*'THAM SỐ'!$B$20+AF404*'THAM SỐ'!$B$21)*MIN(1,AO404/AG404),0)))

Sheet CHẶNG TĂNG CA
A1: CHẶNG MÁY TRONG KHUNG TĂNG CA
A2: CẤP 1 - Chỉ nhập các chặng Mở máy → Tắt máy bắt đầu trước 08h hoặc kết thúc sau 17h (lấy từ 'Báo cáo chi tiết hành trình' GPS). Chặng qua nửa đêm vẫn ghi theo ngày làm việc.
A3: ADMIN NHẬP | E3: TỰ TÍNH (giờ)
A4: Ngày làm việc | B4: Xe | C4: Mở máy | D4: Tắt máy | E4: 04h–08h | F4: 17h–22h | G4: 22h–24h | H4: 24h–04h | I4: Tổng giờ | J4: Ghi chú
A5: 46300 | B5: 51D98246 | C5: 0.26527778 | D5: 0.46180556 | E5: =IF(OR(A5="",C5="",D5=""),"",ROUND(MAX(0,MIN((D5+(C5<4/24)+(D5<C5)),8/24)-MAX((C5+(C5<4/24)),4/24))*24,2)) -> 1.63 | F5: =IF(OR(A5="",C5="",D5=""),"",ROUND(MAX(0,MIN((D5+(C5<4/24)+(D5<C5)),22/24)-MAX((C5+(C5<4/24)),17/24))*24,2)) -> 0 | G5: =IF(OR(A5="",C5="",D5=""),"",ROUND(MAX(0,MIN((D5+(C5<4/24)+(D5<C5)),1)-MAX((C5+(C5<4/24)),22/24))*24,2)) -> 0 | H5: =IF(OR(A5="",C5="",D5=""),"",ROUND(MAX(0,MIN((D5+(C5<4/24)+(D5<C5)),28/24)-MAX((C5+(C5<4/24)),1))*24,2)) -> 0 | I5: =IF(OR(A5="",C5="",D5=""),"",SUM(E5:H5)) -> 1.63 | J5: MẪU
A6: 46300 | B6: 51D98246 | C6: 0.67361111 | D6: 0.77777778 | E6: =IF(OR(A6="",C6="",D6=""),"",ROUND(MAX(0,MIN((D6+(C6<4/24)+(D6<C6)),8/24)-MAX((C6+(C6<4/24)),4/24))*24,2)) -> 0 | F6: =IF(OR(A6="",C6="",D6=""),"",ROUND(MAX(0,MIN((D6+(C6<4/24)+(D6<C6)),22/24)-MAX((C6+(C6<4/24)),17/24))*24,2)) -> 1.67 | G6: =IF(OR(A6="",C6="",D6=""),"",ROUND(MAX(0,MIN((D6+(C6<4/24)+(D6<C6)),1)-MAX((C6+(C6<4/24)),22/24))*24,2)) -> 0 | H6: =IF(OR(A6="",C6="",D6=""),"",ROUND(MAX(0,MIN((D6+(C6<4/24)+(D6<C6)),28/24)-MAX((C6+(C6<4/24)),1))*24,2)) -> 0 | I6: =IF(OR(A6="",C6="",D6=""),"",SUM(E6:H6)) -> 1.67 | J6: MẪU
A7: 46302 | B7: 51D98246 | C7: 0.69444444 | D7: 0.80208333 | E7: =IF(OR(A7="",C7="",D7=""),"",ROUND(MAX(0,MIN((D7+(C7<4/24)+(D7<C7)),8/24)-MAX((C7+(C7<4/24)),4/24))*24,2)) -> 0 | F7: =IF(OR(A7="",C7="",D7=""),"",ROUND(MAX(0,MIN((D7+(C7<4/24)+(D7<C7)),22/24)-MAX((C7+(C7<4/24)),17/24))*24,2)) -> 2.25 | G7: =IF(OR(A7="",C7="",D7=""),"",ROUND(MAX(0,MIN((D7+(C7<4/24)+(D7<C7)),1)-MAX((C7+(C7<4/24)),22/24))*24,2)) -> 0 | H7: =IF(OR(A7="",C7="",D7=""),"",ROUND(MAX(0,MIN((D7+(C7<4/24)+(D7<C7)),28/24)-MAX((C7+(C7<4/24)),1))*24,2)) -> 0 | I7: =IF(OR(A7="",C7="",D7=""),"",SUM(E7:H7)) -> 2.25 | J7: MẪU
A8: 46303 | B8: 51D98246 | C8: 0.28472222 | D8: 0.4375 | E8: =IF(OR(A8="",C8="",D8=""),"",ROUND(MAX(0,MIN((D8+(C8<4/24)+(D8<C8)),8/24)-MAX((C8+(C8<4/24)),4/24))*24,2)) -> 1.17 | F8: =IF(OR(A8="",C8="",D8=""),"",ROUND(MAX(0,MIN((D8+(C8<4/24)+(D8<C8)),22/24)-MAX((C8+(C8<4/24)),17/24))*24,2)) -> 0 | G8: =IF(OR(A8="",C8="",D8=""),"",ROUND(MAX(0,MIN((D8+(C8<4/24)+(D8<C8)),1)-MAX((C8+(C8<4/24)),22/24))*24,2)) -> 0 | H8: =IF(OR(A8="",C8="",D8=""),"",ROUND(MAX(0,MIN((D8+(C8<4/24)+(D8<C8)),28/24)-MAX((C8+(C8<4/24)),1))*24,2)) -> 0 | I8: =IF(OR(A8="",C8="",D8=""),"",SUM(E8:H8)) -> 1.17 | J8: MẪU
A9: 46303 | B9: 51D98246 | C9: 0.63888889 | D9: 0.75347222 | E9: =IF(OR(A9="",C9="",D9=""),"",ROUND(MAX(0,MIN((D9+(C9<4/24)+(D9<C9)),8/24)-MAX((C9+(C9<4/24)),4/24))*24,2)) -> 0 | F9: =IF(OR(A9="",C9="",D9=""),"",ROUND(MAX(0,MIN((D9+(C9<4/24)+(D9<C9)),22/24)-MAX((C9+(C9<4/24)),17/24))*24,2)) -> 1.08 | G9: =IF(OR(A9="",C9="",D9=""),"",ROUND(MAX(0,MIN((D9+(C9<4/24)+(D9<C9)),1)-MAX((C9+(C9<4/24)),22/24))*24,2)) -> 0 | H9: =IF(OR(A9="",C9="",D9=""),"",ROUND(MAX(0,MIN((D9+(C9<4/24)+(D9<C9)),28/24)-MAX((C9+(C9<4/24)),1))*24,2)) -> 0 | I9: =IF(OR(A9="",C9="",D9=""),"",SUM(E9:H9)) -> 1.08 | J9: MẪU
A10: 46304 | B10: 51D98246 | C10: 0.22569444 | D10: 0.44444444 | E10: =IF(OR(A10="",C10="",D10=""),"",ROUND(MAX(0,MIN((D10+(C10<4/24)+(D10<C10)),8/24)-MAX((C10+(C10<4/24)),4/24))*24,2)) -> 2.58 | F10: =IF(OR(A10="",C10="",D10=""),"",ROUND(MAX(0,MIN((D10+(C10<4/24)+(D10<C10)),22/24)-MAX((C10+(C10<4/24)),17/24))*24,2)) -> 0 | G10: =IF(OR(A10="",C10="",D10=""),"",ROUND(MAX(0,MIN((D10+(C10<4/24)+(D10<C10)),1)-MAX((C10+(C10<4/24)),22/24))*24,2)) -> 0 | H10: =IF(OR(A10="",C10="",D10=""),"",ROUND(MAX(0,MIN((D10+(C10<4/24)+(D10<C10)),28/24)-MAX((C10+(C10<4/24)),1))*24,2)) -> 0 | I10: =IF(OR(A10="",C10="",D10=""),"",SUM(E10:H10)) -> 2.58 | J10: MẪU
A11: 46304 | B11: 51D98246 | C11: 0.64583333 | D11: 0.84027778 | E11: =IF(OR(A11="",C11="",D11=""),"",ROUND(MAX(0,MIN((D11+(C11<4/24)+(D11<C11)),8/24)-MAX((C11+(C11<4/24)),4/24))*24,2)) -> 0 | F11: =IF(OR(A11="",C11="",D11=""),"",ROUND(MAX(0,MIN((D11+(C11<4/24)+(D11<C11)),22/24)-MAX((C11+(C11<4/24)),17/24))*24,2)) -> 3.17 | G11: =IF(OR(A11="",C11="",D11=""),"",ROUND(MAX(0,MIN((D11+(C11<4/24)+(D11<C11)),1)-MAX((C11+(C11<4/24)),22/24))*24,2)) -> 0 | H11: =IF(OR(A11="",C11="",D11=""),"",ROUND(MAX(0,MIN((D11+(C11<4/24)+(D11<C11)),28/24)-MAX((C11+(C11<4/24)),1))*24,2)) -> 0 | I11: =IF(OR(A11="",C11="",D11=""),"",SUM(E11:H11)) -> 3.17 | J11: MẪU
A12: 46301 | B12: 51D69998 | C12: 0.32986111 | D12: 0.43055556 | E12: =IF(OR(A12="",C12="",D12=""),"",ROUND(MAX(0,MIN((D12+(C12<4/24)+(D12<C12)),8/24)-MAX((C12+(C12<4/24)),4/24))*24,2)) -> 0.08 | F12: =IF(OR(A12="",C12="",D12=""),"",ROUND(MAX(0,MIN((D12+(C12<4/24)+(D12<C12)),22/24)-MAX((C12+(C12<4/24)),17/24))*24,2)) -> 0 | G12: =IF(OR(A12="",C12="",D12=""),"",ROUND(MAX(0,MIN((D12+(C12<4/24)+(D12<C12)),1)-MAX((C12+(C12<4/24)),22/24))*24,2)) -> 0 | H12: =IF(OR(A12="",C12="",D12=""),"",ROUND(MAX(0,MIN((D12+(C12<4/24)+(D12<C12)),28/24)-MAX((C12+(C12<4/24)),1))*24,2)) -> 0 | I12: =IF(OR(A12="",C12="",D12=""),"",SUM(E12:H12)) -> 0.08 | J12: MẪU
A13: 46301 | B13: 51D69998 | C13: 0.65277778 | D13: 0.73263889 | E13: =IF(OR(A13="",C13="",D13=""),"",ROUND(MAX(0,MIN((D13+(C13<4/24)+(D13<C13)),8/24)-MAX((C13+(C13<4/24)),4/24))*24,2)) -> 0 | F13: =IF(OR(A13="",C13="",D13=""),"",ROUND(MAX(0,MIN((D13+(C13<4/24)+(D13<C13)),22/24)-MAX((C13+(C13<4/24)),17/24))*24,2)) -> 0.58 | G13: =IF(OR(A13="",C13="",D13=""),"",ROUND(MAX(0,MIN((D13+(C13<4/24)+(D13<C13)),1)-MAX((C13+(C13<4/24)),22/24))*24,2)) -> 0 | H13: =IF(OR(A13="",C13="",D13=""),"",ROUND(MAX(0,MIN((D13+(C13<4/24)+(D13<C13)),28/24)-MAX((C13+(C13<4/24)),1))*24,2)) -> 0 | I13: =IF(OR(A13="",C13="",D13=""),"",SUM(E13:H13)) -> 0.58 | J13: MẪU
E14: =IF(OR(A14="",C14="",D14=""),"",ROUND(MAX(0,MIN((D14+(C14<4/24)+(D14<C14)),8/24)-MAX((C14+(C14<4/24)),4/24))*24,2)) | F14: =IF(OR(A14="",C14="",D14=""),"",ROUND(MAX(0,MIN((D14+(C14<4/24)+(D14<C14)),22/24)-MAX((C14+(C14<4/24)),17/24))*24,2)) | G14: =IF(OR(A14="",C14="",D14=""),"",ROUND(MAX(0,MIN((D14+(C14<4/24)+(D14<C14)),1)-MAX((C14+(C14<4/24)),22/24))*24,2)) | H14: =IF(OR(A14="",C14="",D14=""),"",ROUND(MAX(0,MIN((D14+(C14<4/24)+(D14<C14)),28/24)-MAX((C14+(C14<4/24)),1))*24,2)) | I14: =IF(OR(A14="",C14="",D14=""),"",SUM(E14:H14))
E15: =IF(OR(A15="",C15="",D15=""),"",ROUND(MAX(0,MIN((D15+(C15<4/24)+(D15<C15)),8/24)-MAX((C15+(C15<4/24)),4/24))*24,2)) | F15: =IF(OR(A15="",C15="",D15=""),"",ROUND(MAX(0,MIN((D15+(C15<4/24)+(D15<C15)),22/24)-MAX((C15+(C15<4/24)),17/24))*24,2)) | G15: =IF(OR(A15="",C15="",D15=""),"",ROUND(MAX(0,MIN((D15+(C15<4/24)+(D15<C15)),1)-MAX((C15+(C15<4/24)),22/24))*24,2)) | H15: =IF(OR(A15="",C15="",D15=""),"",ROUND(MAX(0,MIN((D15+(C15<4/24)+(D15<C15)),28/24)-MAX((C15+(C15<4/24)),1))*24,2)) | I15: =IF(OR(A15="",C15="",D15=""),"",SUM(E15:H15))
E16: =IF(OR(A16="",C16="",D16=""),"",ROUND(MAX(0,MIN((D16+(C16<4/24)+(D16<C16)),8/24)-MAX((C16+(C16<4/24)),4/24))*24,2)) | F16: =IF(OR(A16="",C16="",D16=""),"",ROUND(MAX(0,MIN((D16+(C16<4/24)+(D16<C16)),22/24)-MAX((C16+(C16<4/24)),17/24))*24,2)) | G16: =IF(OR(A16="",C16="",D16=""),"",ROUND(MAX(0,MIN((D16+(C16<4/24)+(D16<C16)),1)-MAX((C16+(C16<4/24)),22/24))*24,2)) | H16: =IF(OR(A16="",C16="",D16=""),"",ROUND(MAX(0,MIN((D16+(C16<4/24)+(D16<C16)),28/24)-MAX((C16+(C16<4/24)),1))*24,2)) | I16: =IF(OR(A16="",C16="",D16=""),"",SUM(E16:H16))
E17: =IF(OR(A17="",C17="",D17=""),"",ROUND(MAX(0,MIN((D17+(C17<4/24)+(D17<C17)),8/24)-MAX((C17+(C17<4/24)),4/24))*24,2)) | F17: =IF(OR(A17="",C17="",D17=""),"",ROUND(MAX(0,MIN((D17+(C17<4/24)+(D17<C17)),22/24)-MAX((C17+(C17<4/24)),17/24))*24,2)) | G17: =IF(OR(A17="",C17="",D17=""),"",ROUND(MAX(0,MIN((D17+(C17<4/24)+(D17<C17)),1)-MAX((C17+(C17<4/24)),22/24))*24,2)) | H17: =IF(OR(A17="",C17="",D17=""),"",ROUND(MAX(0,MIN((D17+(C17<4/24)+(D17<C17)),28/24)-MAX((C17+(C17<4/24)),1))*24,2)) | I17: =IF(OR(A17="",C17="",D17=""),"",SUM(E17:H17))
E18: =IF(OR(A18="",C18="",D18=""),"",ROUND(MAX(0,MIN((D18+(C18<4/24)+(D18<C18)),8/24)-MAX((C18+(C18<4/24)),4/24))*24,2)) | F18: =IF(OR(A18="",C18="",D18=""),"",ROUND(MAX(0,MIN((D18+(C18<4/24)+(D18<C18)),22/24)-MAX((C18+(C18<4/24)),17/24))*24,2)) | G18: =IF(OR(A18="",C18="",D18=""),"",ROUND(MAX(0,MIN((D18+(C18<4/24)+(D18<C18)),1)-MAX((C18+(C18<4/24)),22/24))*24,2)) | H18: =IF(OR(A18="",C18="",D18=""),"",ROUND(MAX(0,MIN((D18+(C18<4/24)+(D18<C18)),28/24)-MAX((C18+(C18<4/24)),1))*24,2)) | I18: =IF(OR(A18="",C18="",D18=""),"",SUM(E18:H18))
E19: =IF(OR(A19="",C19="",D19=""),"",ROUND(MAX(0,MIN((D19+(C19<4/24)+(D19<C19)),8/24)-MAX((C19+(C19<4/24)),4/24))*24,2)) | F19: =IF(OR(A19="",C19="",D19=""),"",ROUND(MAX(0,MIN((D19+(C19<4/24)+(D19<C19)),22/24)-MAX((C19+(C19<4/24)),17/24))*24,2)) | G19: =IF(OR(A19="",C19="",D19=""),"",ROUND(MAX(0,MIN((D19+(C19<4/24)+(D19<C19)),1)-MAX((C19+(C19<4/24)),22/24))*24,2)) | H19: =IF(OR(A19="",C19="",D19=""),"",ROUND(MAX(0,MIN((D19+(C19<4/24)+(D19<C19)),28/24)-MAX((C19+(C19<4/24)),1))*24,2)) | I19: =IF(OR(A19="",C19="",D19=""),"",SUM(E19:H19))
E20: =IF(OR(A20="",C20="",D20=""),"",ROUND(MAX(0,MIN((D20+(C20<4/24)+(D20<C20)),8/24)-MAX((C20+(C20<4/24)),4/24))*24,2)) | F20: =IF(OR(A20="",C20="",D20=""),"",ROUND(MAX(0,MIN((D20+(C20<4/24)+(D20<C20)),22/24)-MAX((C20+(C20<4/24)),17/24))*24,2)) | G20: =IF(OR(A20="",C20="",D20=""),"",ROUND(MAX(0,MIN((D20+(C20<4/24)+(D20<C20)),1)-MAX((C20+(C20<4/24)),22/24))*24,2)) | H20: =IF(OR(A20="",C20="",D20=""),"",ROUND(MAX(0,MIN((D20+(C20<4/24)+(D20<C20)),28/24)-MAX((C20+(C20<4/24)),1))*24,2)) | I20: =IF(OR(A20="",C20="",D20=""),"",SUM(E20:H20))
E21: =IF(OR(A21="",C21="",D21=""),"",ROUND(MAX(0,MIN((D21+(C21<4/24)+(D21<C21)),8/24)-MAX((C21+(C21<4/24)),4/24))*24,2)) | F21: =IF(OR(A21="",C21="",D21=""),"",ROUND(MAX(0,MIN((D21+(C21<4/24)+(D21<C21)),22/24)-MAX((C21+(C21<4/24)),17/24))*24,2)) | G21: =IF(OR(A21="",C21="",D21=""),"",ROUND(MAX(0,MIN((D21+(C21<4/24)+(D21<C21)),1)-MAX((C21+(C21<4/24)),22/24))*24,2)) | H21: =IF(OR(A21="",C21="",D21=""),"",ROUND(MAX(0,MIN((D21+(C21<4/24)+(D21<C21)),28/24)-MAX((C21+(C21<4/24)),1))*24,2)) | I21: =IF(OR(A21="",C21="",D21=""),"",SUM(E21:H21))
E22: =IF(OR(A22="",C22="",D22=""),"",ROUND(MAX(0,MIN((D22+(C22<4/24)+(D22<C22)),8/24)-MAX((C22+(C22<4/24)),4/24))*24,2)) | F22: =IF(OR(A22="",C22="",D22=""),"",ROUND(MAX(0,MIN((D22+(C22<4/24)+(D22<C22)),22/24)-MAX((C22+(C22<4/24)),17/24))*24,2)) | G22: =IF(OR(A22="",C22="",D22=""),"",ROUND(MAX(0,MIN((D22+(C22<4/24)+(D22<C22)),1)-MAX((C22+(C22<4/24)),22/24))*24,2)) | H22: =IF(OR(A22="",C22="",D22=""),"",ROUND(MAX(0,MIN((D22+(C22<4/24)+(D22<C22)),28/24)-MAX((C22+(C22<4/24)),1))*24,2)) | I22: =IF(OR(A22="",C22="",D22=""),"",SUM(E22:H22))
E23: =IF(OR(A23="",C23="",D23=""),"",ROUND(MAX(0,MIN((D23+(C23<4/24)+(D23<C23)),8/24)-MAX((C23+(C23<4/24)),4/24))*24,2)) | F23: =IF(OR(A23="",C23="",D23=""),"",ROUND(MAX(0,MIN((D23+(C23<4/24)+(D23<C23)),22/24)-MAX((C23+(C23<4/24)),17/24))*24,2)) | G23: =IF(OR(A23="",C23="",D23=""),"",ROUND(MAX(0,MIN((D23+(C23<4/24)+(D23<C23)),1)-MAX((C23+(C23<4/24)),22/24))*24,2)) | H23: =IF(OR(A23="",C23="",D23=""),"",ROUND(MAX(0,MIN((D23+(C23<4/24)+(D23<C23)),28/24)-MAX((C23+(C23<4/24)),1))*24,2)) | I23: =IF(OR(A23="",C23="",D23=""),"",SUM(E23:H23))
E24: =IF(OR(A24="",C24="",D24=""),"",ROUND(MAX(0,MIN((D24+(C24<4/24)+(D24<C24)),8/24)-MAX((C24+(C24<4/24)),4/24))*24,2)) | F24: =IF(OR(A24="",C24="",D24=""),"",ROUND(MAX(0,MIN((D24+(C24<4/24)+(D24<C24)),22/24)-MAX((C24+(C24<4/24)),17/24))*24,2)) | G24: =IF(OR(A24="",C24="",D24=""),"",ROUND(MAX(0,MIN((D24+(C24<4/24)+(D24<C24)),1)-MAX((C24+(C24<4/24)),22/24))*24,2)) | H24: =IF(OR(A24="",C24="",D24=""),"",ROUND(MAX(0,MIN((D24+(C24<4/24)+(D24<C24)),28/24)-MAX((C24+(C24<4/24)),1))*24,2)) | I24: =IF(OR(A24="",C24="",D24=""),"",SUM(E24:H24))
E25: =IF(OR(A25="",C25="",D25=""),"",ROUND(MAX(0,MIN((D25+(C25<4/24)+(D25<C25)),8/24)-MAX((C25+(C25<4/24)),4/24))*24,2)) | F25: =IF(OR(A25="",C25="",D25=""),"",ROUND(MAX(0,MIN((D25+(C25<4/24)+(D25<C25)),22/24)-MAX((C25+(C25<4/24)),17/24))*24,2)) | G25: =IF(OR(A25="",C25="",D25=""),"",ROUND(MAX(0,MIN((D25+(C25<4/24)+(D25<C25)),1)-MAX((C25+(C25<4/24)),22/24))*24,2)) | H25: =IF(OR(A25="",C25="",D25=""),"",ROUND(MAX(0,MIN((D25+(C25<4/24)+(D25<C25)),28/24)-MAX((C25+(C25<4/24)),1))*24,2)) | I25: =IF(OR(A25="",C25="",D25=""),"",SUM(E25:H25))
... E304: =IF(OR(A304="",C304="",D304=""),"",ROUND(MAX(0,MIN((D304+(C304<4/24)+(D304<C304)),8/24)-MAX((C304+(C304<4/24)),4/24))*24,2)) | F304: =IF(OR(A304="",C304="",D304=""),"",ROUND(MAX(0,MIN((D304+(C304<4/24)+(D304<C304)),22/24)-MAX((C304+(C304<4/24)),17/24))*24,2)) | G304: =IF(OR(A304="",C304="",D304=""),"",ROUND(MAX(0,MIN((D304+(C304<4/24)+(D304<C304)),1)-MAX((C304+(C304<4/24)),22/24))*24,2)) | H304: =IF(OR(A304="",C304="",D304=""),"",ROUND(MAX(0,MIN((D304+(C304<4/24)+(D304<C304)),28/24)-MAX((C304+(C304<4/24)),1))*24,2)) | I304: =IF(OR(A304="",C304="",D304=""),"",SUM(E304:H304))

Sheet NHẬT KÝ DẦU
A1: NHẬT KÝ ĐỔ DẦU
A2: CẤP 1 - 1 dòng = 1 lần đổ. Nhập theo hóa đơn + ảnh tài xế gửi (trước, sau, cột bơm). Nên đổ đầy bình để cột L/100km chính xác.
A3: ADMIN NHẬP | K3: TỰ TÍNH
A4: Ngày | B4: Xe | C4: Tài xế | D4: Cây xăng | E4: Số lít (hóa đơn) | F4: Đơn giá | G4: Km đồng hồ | H4: Lít GPS ghi nhận | I4: Đủ 3 ảnh | J4: Ghi chú | K4: Thành tiền | L4: Lệch lít (HĐ − GPS) | M4: Lệch % | N4: Cảnh báo | O4: Km từ lần đổ trước | P4: L/100km giữa 2 lần đổ
A5: 46300 | B5: 51D98246 | C5: Nguyễn Chí Cang | D5: Petrolimex Thới An | E5: 45 | F5: 19500 | G5: 38200 | H5: 42.5 | I5: Đủ | J5: MẪU | K5: =IF(OR($A5="",E5="",F5=""),"",E5*F5) -> 877500 | L5: =IF(OR($A5="",E5="",H5=""),"",E5-H5) -> 2.5 | M5: =IF(OR(L5="",N(E5)=0),"",L5/E5) -> 0.055555556 | N5: =IF($A5="","",IF(I5<>"Đủ","Thiếu ảnh",IF(M5="","Chưa có số GPS",IF(ABS(M5)>'THAM SỐ'!$B$30,"LỆCH DẦU","Đạt")))) -> Đạt | O5: =IF(OR($A5="",G5="",COUNTIFS(B$4:B4,B5)=0),"",G5-_xlfn.MAXIFS(G$4:G4,B$4:B4,B5)) | P5: =IF(OR(O5="",N(O5)<=0,E5=""),"",E5/O5*100)
A6: 46303 | B6: 51D98246 | C6: Nguyễn Chí Cang | D6: Petrolimex Cai Lậy | E6: 58 | F6: 19500 | G6: 38770 | H6: 51 | I6: Đủ | J6: MẪU | K6: =IF(OR($A6="",E6="",F6=""),"",E6*F6) -> 1131000 | L6: =IF(OR($A6="",E6="",H6=""),"",E6-H6) -> 7 | M6: =IF(OR(L6="",N(E6)=0),"",L6/E6) -> 0.12068966 | N6: =IF($A6="","",IF(I6<>"Đủ","Thiếu ảnh",IF(M6="","Chưa có số GPS",IF(ABS(M6)>'THAM SỐ'!$B$30,"LỆCH DẦU","Đạt")))) -> LỆCH DẦU | O6: =IF(OR($A6="",G6="",COUNTIFS(B$4:B5,B6)=0),"",G6-_xlfn.MAXIFS(G$4:G5,B$4:B5,B6)) -> 570 | P6: =IF(OR(O6="",N(O6)<=0,E6=""),"",E6/O6*100) -> 10.175439
A7: 46301 | B7: 51D69998 | C7: Khải | D7: Petrolimex Thới An | E7: 30 | F7: 19500 | G7: 61540 | H7: 28.4 | I7: Thiếu | J7: MẪU | K7: =IF(OR($A7="",E7="",F7=""),"",E7*F7) -> 585000 | L7: =IF(OR($A7="",E7="",H7=""),"",E7-H7) -> 1.6 | M7: =IF(OR(L7="",N(E7)=0),"",L7/E7) -> 0.053333333 | N7: =IF($A7="","",IF(I7<>"Đủ","Thiếu ảnh",IF(M7="","Chưa có số GPS",IF(ABS(M7)>'THAM SỐ'!$B$30,"LỆCH DẦU","Đạt")))) -> Thiếu ảnh | O7: =IF(OR($A7="",G7="",COUNTIFS(B$4:B6,B7)=0),"",G7-_xlfn.MAXIFS(G$4:G6,B$4:B6,B7)) | P7: =IF(OR(O7="",N(O7)<=0,E7=""),"",E7/O7*100)
K8: =IF(OR($A8="",E8="",F8=""),"",E8*F8) | L8: =IF(OR($A8="",E8="",H8=""),"",E8-H8) | M8: =IF(OR(L8="",N(E8)=0),"",L8/E8) | N8: =IF($A8="","",IF(I8<>"Đủ","Thiếu ảnh",IF(M8="","Chưa có số GPS",IF(ABS(M8)>'THAM SỐ'!$B$30,"LỆCH DẦU","Đạt")))) | O8: =IF(OR($A8="",G8="",COUNTIFS(B$4:B7,B8)=0),"",G8-_xlfn.MAXIFS(G$4:G7,B$4:B7,B8)) | P8: =IF(OR(O8="",N(O8)<=0,E8=""),"",E8/O8*100)
K9: =IF(OR($A9="",E9="",F9=""),"",E9*F9) | L9: =IF(OR($A9="",E9="",H9=""),"",E9-H9) | M9: =IF(OR(L9="",N(E9)=0),"",L9/E9) | N9: =IF($A9="","",IF(I9<>"Đủ","Thiếu ảnh",IF(M9="","Chưa có số GPS",IF(ABS(M9)>'THAM SỐ'!$B$30,"LỆCH DẦU","Đạt")))) | O9: =IF(OR($A9="",G9="",COUNTIFS(B$4:B8,B9)=0),"",G9-_xlfn.MAXIFS(G$4:G8,B$4:B8,B9)) | P9: =IF(OR(O9="",N(O9)<=0,E9=""),"",E9/O9*100)
K10: =IF(OR($A10="",E10="",F10=""),"",E10*F10) | L10: =IF(OR($A10="",E10="",H10=""),"",E10-H10) | M10: =IF(OR(L10="",N(E10)=0),"",L10/E10) | N10: =IF($A10="","",IF(I10<>"Đủ","Thiếu ảnh",IF(M10="","Chưa có số GPS",IF(ABS(M10)>'THAM SỐ'!$B$30,"LỆCH DẦU","Đạt")))) | O10: =IF(OR($A10="",G10="",COUNTIFS(B$4:B9,B10)=0),"",G10-_xlfn.MAXIFS(G$4:G9,B$4:B9,B10)) | P10: =IF(OR(O10="",N(O10)<=0,E10=""),"",E10/O10*100)
K11: =IF(OR($A11="",E11="",F11=""),"",E11*F11) | L11: =IF(OR($A11="",E11="",H11=""),"",E11-H11) | M11: =IF(OR(L11="",N(E11)=0),"",L11/E11) | N11: =IF($A11="","",IF(I11<>"Đủ","Thiếu ảnh",IF(M11="","Chưa có số GPS",IF(ABS(M11)>'THAM SỐ'!$B$30,"LỆCH DẦU","Đạt")))) | O11: =IF(OR($A11="",G11="",COUNTIFS(B$4:B10,B11)=0),"",G11-_xlfn.MAXIFS(G$4:G10,B$4:B10,B11)) | P11: =IF(OR(O11="",N(O11)<=0,E11=""),"",E11/O11*100)
K12: =IF(OR($A12="",E12="",F12=""),"",E12*F12) | L12: =IF(OR($A12="",E12="",H12=""),"",E12-H12) | M12: =IF(OR(L12="",N(E12)=0),"",L12/E12) | N12: =IF($A12="","",IF(I12<>"Đủ","Thiếu ảnh",IF(M12="","Chưa có số GPS",IF(ABS(M12)>'THAM SỐ'!$B$30,"LỆCH DẦU","Đạt")))) | O12: =IF(OR($A12="",G12="",COUNTIFS(B$4:B11,B12)=0),"",G12-_xlfn.MAXIFS(G$4:G11,B$4:B11,B12)) | P12: =IF(OR(O12="",N(O12)<=0,E12=""),"",E12/O12*100)
K13: =IF(OR($A13="",E13="",F13=""),"",E13*F13) | L13: =IF(OR($A13="",E13="",H13=""),"",E13-H13) | M13: =IF(OR(L13="",N(E13)=0),"",L13/E13) | N13: =IF($A13="","",IF(I13<>"Đủ","Thiếu ảnh",IF(M13="","Chưa có số GPS",IF(ABS(M13)>'THAM SỐ'!$B$30,"LỆCH DẦU","Đạt")))) | O13: =IF(OR($A13="",G13="",COUNTIFS(B$4:B12,B13)=0),"",G13-_xlfn.MAXIFS(G$4:G12,B$4:B12,B13)) | P13: =IF(OR(O13="",N(O13)<=0,E13=""),"",E13/O13*100)
K14: =IF(OR($A14="",E14="",F14=""),"",E14*F14) | L14: =IF(OR($A14="",E14="",H14=""),"",E14-H14) | M14: =IF(OR(L14="",N(E14)=0),"",L14/E14) | N14: =IF($A14="","",IF(I14<>"Đủ","Thiếu ảnh",IF(M14="","Chưa có số GPS",IF(ABS(M14)>'THAM SỐ'!$B$30,"LỆCH DẦU","Đạt")))) | O14: =IF(OR($A14="",G14="",COUNTIFS(B$4:B13,B14)=0),"",G14-_xlfn.MAXIFS(G$4:G13,B$4:B13,B14)) | P14: =IF(OR(O14="",N(O14)<=0,E14=""),"",E14/O14*100)
K15: =IF(OR($A15="",E15="",F15=""),"",E15*F15) | L15: =IF(OR($A15="",E15="",H15=""),"",E15-H15) | M15: =IF(OR(L15="",N(E15)=0),"",L15/E15) | N15: =IF($A15="","",IF(I15<>"Đủ","Thiếu ảnh",IF(M15="","Chưa có số GPS",IF(ABS(M15)>'THAM SỐ'!$B$30,"LỆCH DẦU","Đạt")))) | O15: =IF(OR($A15="",G15="",COUNTIFS(B$4:B14,B15)=0),"",G15-_xlfn.MAXIFS(G$4:G14,B$4:B14,B15)) | P15: =IF(OR(O15="",N(O15)<=0,E15=""),"",E15/O15*100)
K16: =IF(OR($A16="",E16="",F16=""),"",E16*F16) | L16: =IF(OR($A16="",E16="",H16=""),"",E16-H16) | M16: =IF(OR(L16="",N(E16)=0),"",L16/E16) | N16: =IF($A16="","",IF(I16<>"Đủ","Thiếu ảnh",IF(M16="","Chưa có số GPS",IF(ABS(M16)>'THAM SỐ'!$B$30,"LỆCH DẦU","Đạt")))) | O16: =IF(OR($A16="",G16="",COUNTIFS(B$4:B15,B16)=0),"",G16-_xlfn.MAXIFS(G$4:G15,B$4:B15,B16)) | P16: =IF(OR(O16="",N(O16)<=0,E16=""),"",E16/O16*100)
K17: =IF(OR($A17="",E17="",F17=""),"",E17*F17) | L17: =IF(OR($A17="",E17="",H17=""),"",E17-H17) | M17: =IF(OR(L17="",N(E17)=0),"",L17/E17) | N17: =IF($A17="","",IF(I17<>"Đủ","Thiếu ảnh",IF(M17="","Chưa có số GPS",IF(ABS(M17)>'THAM SỐ'!$B$30,"LỆCH DẦU","Đạt")))) | O17: =IF(OR($A17="",G17="",COUNTIFS(B$4:B16,B17)=0),"",G17-_xlfn.MAXIFS(G$4:G16,B$4:B16,B17)) | P17: =IF(OR(O17="",N(O17)<=0,E17=""),"",E17/O17*100)
K18: =IF(OR($A18="",E18="",F18=""),"",E18*F18) | L18: =IF(OR($A18="",E18="",H18=""),"",E18-H18) | M18: =IF(OR(L18="",N(E18)=0),"",L18/E18) | N18: =IF($A18="","",IF(I18<>"Đủ","Thiếu ảnh",IF(M18="","Chưa có số GPS",IF(ABS(M18)>'THAM SỐ'!$B$30,"LỆCH DẦU","Đạt")))) | O18: =IF(OR($A18="",G18="",COUNTIFS(B$4:B17,B18)=0),"",G18-_xlfn.MAXIFS(G$4:G17,B$4:B17,B18)) | P18: =IF(OR(O18="",N(O18)<=0,E18=""),"",E18/O18*100)
K19: =IF(OR($A19="",E19="",F19=""),"",E19*F19) | L19: =IF(OR($A19="",E19="",H19=""),"",E19-H19) | M19: =IF(OR(L19="",N(E19)=0),"",L19/E19) | N19: =IF($A19="","",IF(I19<>"Đủ","Thiếu ảnh",IF(M19="","Chưa có số GPS",IF(ABS(M19)>'THAM SỐ'!$B$30,"LỆCH DẦU","Đạt")))) | O19: =IF(OR($A19="",G19="",COUNTIFS(B$4:B18,B19)=0),"",G19-_xlfn.MAXIFS(G$4:G18,B$4:B18,B19)) | P19: =IF(OR(O19="",N(O19)<=0,E19=""),"",E19/O19*100)
... K204: =IF(OR($A204="",E204="",F204=""),"",E204*F204) | L204: =IF(OR($A204="",E204="",H204=""),"",E204-H204) | M204: =IF(OR(L204="",N(E204)=0),"",L204/E204) | N204: =IF($A204="","",IF(I204<>"Đủ","Thiếu ảnh",IF(M204="","Chưa có số GPS",IF(ABS(M204)>'THAM SỐ'!$B$30,"LỆCH DẦU","Đạt")))) | O204: =IF(OR($A204="",G204="",COUNTIFS(B$4:B203,B204)=0),"",G204-_xlfn.MAXIFS(G$4:G203,B$4:B203,B204)) | P204: =IF(OR(O204="",N(O204)<=0,E204=""),"",E204/O204*100)

Sheet SỔ SỰ CỐ - CHI PHÍ
A1: SỔ SỰ CỐ, VI PHẠM VÀ CHI PHÍ XE
A2: CẤP 1 - Ghi mọi sự cố (nổ lốp, hỏng xe), vi phạm (phạt nguội tra vào thứ 2 hằng tuần), và chi phí ngoài dầu (phí đường, bảo dưỡng, sửa chữa).
A4: Ngày | B4: Xe | C4: Tài xế | D4: Nhóm | E4: Loại | F4: Mô tả | G4: Số tiền (đ) | H4: Bên chịu | I4: Công trình / Dự án | J4: Nguyên nhân gốc | K4: Trạng thái | L4: Ngày xử lý xong | M4: Ghi chú
A5: 46301 | B5: 51D69998 | C5: Khải | D5: Vi phạm | E5: Phản ánh của khách | F5: Đại lý phản ánh xe nổ máy chờ lâu trước cửa hàng | G5: 0 | H5: Tài xế | I5: POSM CENTURY 2026 | J5: Chờ thợ thi công, không tắt máy | K5: Xong | L5: 46302 | M5: MẪU
A6: 46303 | B6: 51D98246 | C6: Nguyễn Chí Cang | D6: Chi phí | E6: Phí đường - ePass | F6: Phí cao tốc Trung Lương | G6: 180000 | H6: Công ty | I6: POSM CENTURY 2026 | K6: Xong | L6: 46303 | M6: MẪU
A7: 46304 | B7: 51D98246 | C7: Nguyễn Chí Cang | D7: Sự cố xe | E7: Nổ lốp | F7: Nổ lốp sau bên phải trên đường về | G7: 2400000 | H7: Công ty | I7: Trung chuyển kho | J7: Chưa xác định - kiểm tải và tuổi lốp | K7: Đang xử lý | M7: MẪU

Sheet LỊCH XE - TÀI XẾ
A1: LỊCH XE VÀ TÀI XẾ
A2: CẤP 1 cập nhật khi gia hạn; CẤP 2 xem 1 lần/tháng. Hạng mục 'Theo km' lấy km hiện tại từ lần đổ dầu gần nhất.
A3: ADMIN NHẬP | I3: TỰ TÍNH
A4: Đối tượng | B4: Hạng mục | C4: Theo dõi | D4: Ngày làm gần nhất | E4: Ngày hết hạn | F4: Km lần làm trước | G4: Chu kỳ (km) | H4: Người phụ trách | I4: Km hiện tại | J4: Còn lại (ngày hoặc km) | K4: Trạng thái | L4: Ghi chú
A5: 51D98246 | B5: Đăng kiểm | C5: Theo ngày | I5: =IF(C5<>"Theo km","",IF(COUNTIFS('NHẬT KÝ DẦU'!$B$5:$B$204,A5)=0,"",_xlfn.MAXIFS('NHẬT KÝ DẦU'!$G$5:$G$204,'NHẬT KÝ DẦU'!$B$5:$B$204,A5))) | J5: =IF(A5="","",IF(C5="Theo km",IF(OR(F5="",G5="",I5=""),"",F5+G5-I5),IF(E5="","",E5-TODAY()))) | K5: =IF(A5="","",IF(J5="","Chưa nhập",IF(J5<0,"QUÁ HẠN",IF(J5<=IF(C5="Theo km",'THAM SỐ'!$B$32,'THAM SỐ'!$B$31),"Sắp đến hạn","Còn hạn")))) -> Chưa nhập
A6: 51D98246 | B6: Bảo hiểm TNDS | C6: Theo ngày | I6: =IF(C6<>"Theo km","",IF(COUNTIFS('NHẬT KÝ DẦU'!$B$5:$B$204,A6)=0,"",_xlfn.MAXIFS('NHẬT KÝ DẦU'!$G$5:$G$204,'NHẬT KÝ DẦU'!$B$5:$B$204,A6))) | J6: =IF(A6="","",IF(C6="Theo km",IF(OR(F6="",G6="",I6=""),"",F6+G6-I6),IF(E6="","",E6-TODAY()))) | K6: =IF(A6="","",IF(J6="","Chưa nhập",IF(J6<0,"QUÁ HẠN",IF(J6<=IF(C6="Theo km",'THAM SỐ'!$B$32,'THAM SỐ'!$B$31),"Sắp đến hạn","Còn hạn")))) -> Chưa nhập
A7: 51D98246 | B7: Bảo hiểm thân vỏ | C7: Theo ngày | I7: =IF(C7<>"Theo km","",IF(COUNTIFS('NHẬT KÝ DẦU'!$B$5:$B$204,A7)=0,"",_xlfn.MAXIFS('NHẬT KÝ DẦU'!$G$5:$G$204,'NHẬT KÝ DẦU'!$B$5:$B$204,A7))) | J7: =IF(A7="","",IF(C7="Theo km",IF(OR(F7="",G7="",I7=""),"",F7+G7-I7),IF(E7="","",E7-TODAY()))) | K7: =IF(A7="","",IF(J7="","Chưa nhập",IF(J7<0,"QUÁ HẠN",IF(J7<=IF(C7="Theo km",'THAM SỐ'!$B$32,'THAM SỐ'!$B$31),"Sắp đến hạn","Còn hạn")))) -> Chưa nhập
A8: 51D98246 | B8: Phí đường bộ | C8: Theo ngày | I8: =IF(C8<>"Theo km","",IF(COUNTIFS('NHẬT KÝ DẦU'!$B$5:$B$204,A8)=0,"",_xlfn.MAXIFS('NHẬT KÝ DẦU'!$G$5:$G$204,'NHẬT KÝ DẦU'!$B$5:$B$204,A8))) | J8: =IF(A8="","",IF(C8="Theo km",IF(OR(F8="",G8="",I8=""),"",F8+G8-I8),IF(E8="","",E8-TODAY()))) | K8: =IF(A8="","",IF(J8="","Chưa nhập",IF(J8<0,"QUÁ HẠN",IF(J8<=IF(C8="Theo km",'THAM SỐ'!$B$32,'THAM SỐ'!$B$31),"Sắp đến hạn","Còn hạn")))) -> Chưa nhập
A9: 51D98246 | B9: Gia hạn GPS | C9: Theo ngày | I9: =IF(C9<>"Theo km","",IF(COUNTIFS('NHẬT KÝ DẦU'!$B$5:$B$204,A9)=0,"",_xlfn.MAXIFS('NHẬT KÝ DẦU'!$G$5:$G$204,'NHẬT KÝ DẦU'!$B$5:$B$204,A9))) | J9: =IF(A9="","",IF(C9="Theo km",IF(OR(F9="",G9="",I9=""),"",F9+G9-I9),IF(E9="","",E9-TODAY()))) | K9: =IF(A9="","",IF(J9="","Chưa nhập",IF(J9<0,"QUÁ HẠN",IF(J9<=IF(C9="Theo km",'THAM SỐ'!$B$32,'THAM SỐ'!$B$31),"Sắp đến hạn","Còn hạn")))) -> Chưa nhập
A10: 51D98246 | B10: Gia hạn ePass / thẻ đi đường | C10: Theo ngày | I10: =IF(C10<>"Theo km","",IF(COUNTIFS('NHẬT KÝ DẦU'!$B$5:$B$204,A10)=0,"",_xlfn.MAXIFS('NHẬT KÝ DẦU'!$G$5:$G$204,'NHẬT KÝ DẦU'!$B$5:$B$204,A10))) | J10: =IF(A10="","",IF(C10="Theo km",IF(OR(F10="",G10="",I10=""),"",F10+G10-I10),IF(E10="","",E10-TODAY()))) | K10: =IF(A10="","",IF(J10="","Chưa nhập",IF(J10<0,"QUÁ HẠN",IF(J10<=IF(C10="Theo km",'THAM SỐ'!$B$32,'THAM SỐ'!$B$31),"Sắp đến hạn","Còn hạn")))) -> Chưa nhập
A11: 51D98246 | B11: Bảo dưỡng định kỳ (thay nhớt, lọc) | C11: Theo km | G11: 5000 | I11: =IF(C11<>"Theo km","",IF(COUNTIFS('NHẬT KÝ DẦU'!$B$5:$B$204,A11)=0,"",_xlfn.MAXIFS('NHẬT KÝ DẦU'!$G$5:$G$204,'NHẬT KÝ DẦU'!$B$5:$B$204,A11))) -> 38770 | J11: =IF(A11="","",IF(C11="Theo km",IF(OR(F11="",G11="",I11=""),"",F11+G11-I11),IF(E11="","",E11-TODAY()))) | K11: =IF(A11="","",IF(J11="","Chưa nhập",IF(J11<0,"QUÁ HẠN",IF(J11<=IF(C11="Theo km",'THAM SỐ'!$B$32,'THAM SỐ'!$B$31),"Sắp đến hạn","Còn hạn")))) -> Chưa nhập | L11: Chu kỳ 5.000 km là đề xuất - chỉnh theo sổ bảo hành hãng
A12: 51D98246 | B12: Đảo lốp / kiểm tra lốp | C12: Theo km | G12: 10000 | I12: =IF(C12<>"Theo km","",IF(COUNTIFS('NHẬT KÝ DẦU'!$B$5:$B$204,A12)=0,"",_xlfn.MAXIFS('NHẬT KÝ DẦU'!$G$5:$G$204,'NHẬT KÝ DẦU'!$B$5:$B$204,A12))) -> 38770 | J12: =IF(A12="","",IF(C12="Theo km",IF(OR(F12="",G12="",I12=""),"",F12+G12-I12),IF(E12="","",E12-TODAY()))) | K12: =IF(A12="","",IF(J12="","Chưa nhập",IF(J12<0,"QUÁ HẠN",IF(J12<=IF(C12="Theo km",'THAM SỐ'!$B$32,'THAM SỐ'!$B$31),"Sắp đến hạn","Còn hạn")))) -> Chưa nhập | L12: Xe này đã nổ lốp 3 lần (06, 07, 08/2026)
A13: 51D69998 | B13: Đăng kiểm | C13: Theo ngày | I13: =IF(C13<>"Theo km","",IF(COUNTIFS('NHẬT KÝ DẦU'!$B$5:$B$204,A13)=0,"",_xlfn.MAXIFS('NHẬT KÝ DẦU'!$G$5:$G$204,'NHẬT KÝ DẦU'!$B$5:$B$204,A13))) | J13: =IF(A13="","",IF(C13="Theo km",IF(OR(F13="",G13="",I13=""),"",F13+G13-I13),IF(E13="","",E13-TODAY()))) | K13: =IF(A13="","",IF(J13="","Chưa nhập",IF(J13<0,"QUÁ HẠN",IF(J13<=IF(C13="Theo km",'THAM SỐ'!$B$32,'THAM SỐ'!$B$31),"Sắp đến hạn","Còn hạn")))) -> Chưa nhập
A14: 51D69998 | B14: Bảo hiểm TNDS | C14: Theo ngày | I14: =IF(C14<>"Theo km","",IF(COUNTIFS('NHẬT KÝ DẦU'!$B$5:$B$204,A14)=0,"",_xlfn.MAXIFS('NHẬT KÝ DẦU'!$G$5:$G$204,'NHẬT KÝ DẦU'!$B$5:$B$204,A14))) | J14: =IF(A14="","",IF(C14="Theo km",IF(OR(F14="",G14="",I14=""),"",F14+G14-I14),IF(E14="","",E14-TODAY()))) | K14: =IF(A14="","",IF(J14="","Chưa nhập",IF(J14<0,"QUÁ HẠN",IF(J14<=IF(C14="Theo km",'THAM SỐ'!$B$32,'THAM SỐ'!$B$31),"Sắp đến hạn","Còn hạn")))) -> Chưa nhập
A15: 51D69998 | B15: Bảo hiểm thân vỏ | C15: Theo ngày | I15: =IF(C15<>"Theo km","",IF(COUNTIFS('NHẬT KÝ DẦU'!$B$5:$B$204,A15)=0,"",_xlfn.MAXIFS('NHẬT KÝ DẦU'!$G$5:$G$204,'NHẬT KÝ DẦU'!$B$5:$B$204,A15))) | J15: =IF(A15="","",IF(C15="Theo km",IF(OR(F15="",G15="",I15=""),"",F15+G15-I15),IF(E15="","",E15-TODAY()))) | K15: =IF(A15="","",IF(J15="","Chưa nhập",IF(J15<0,"QUÁ HẠN",IF(J15<=IF(C15="Theo km",'THAM SỐ'!$B$32,'THAM SỐ'!$B$31),"Sắp đến hạn","Còn hạn")))) -> Chưa nhập
A16: 51D69998 | B16: Phí đường bộ | C16: Theo ngày | I16: =IF(C16<>"Theo km","",IF(COUNTIFS('NHẬT KÝ DẦU'!$B$5:$B$204,A16)=0,"",_xlfn.MAXIFS('NHẬT KÝ DẦU'!$G$5:$G$204,'NHẬT KÝ DẦU'!$B$5:$B$204,A16))) | J16: =IF(A16="","",IF(C16="Theo km",IF(OR(F16="",G16="",I16=""),"",F16+G16-I16),IF(E16="","",E16-TODAY()))) | K16: =IF(A16="","",IF(J16="","Chưa nhập",IF(J16<0,"QUÁ HẠN",IF(J16<=IF(C16="Theo km",'THAM SỐ'!$B$32,'THAM SỐ'!$B$31),"Sắp đến hạn","Còn hạn")))) -> Chưa nhập
A17: 51D69998 | B17: Gia hạn GPS | C17: Theo ngày | I17: =IF(C17<>"Theo km","",IF(COUNTIFS('NHẬT KÝ DẦU'!$B$5:$B$204,A17)=0,"",_xlfn.MAXIFS('NHẬT KÝ DẦU'!$G$5:$G$204,'NHẬT KÝ DẦU'!$B$5:$B$204,A17))) | J17: =IF(A17="","",IF(C17="Theo km",IF(OR(F17="",G17="",I17=""),"",F17+G17-I17),IF(E17="","",E17-TODAY()))) | K17: =IF(A17="","",IF(J17="","Chưa nhập",IF(J17<0,"QUÁ HẠN",IF(J17<=IF(C17="Theo km",'THAM SỐ'!$B$32,'THAM SỐ'!$B$31),"Sắp đến hạn","Còn hạn")))) -> Chưa nhập
A18: 51D69998 | B18: Gia hạn ePass / thẻ đi đường | C18: Theo ngày | I18: =IF(C18<>"Theo km","",IF(COUNTIFS('NHẬT KÝ DẦU'!$B$5:$B$204,A18)=0,"",_xlfn.MAXIFS('NHẬT KÝ DẦU'!$G$5:$G$204,'NHẬT KÝ DẦU'!$B$5:$B$204,A18))) | J18: =IF(A18="","",IF(C18="Theo km",IF(OR(F18="",G18="",I18=""),"",F18+G18-I18),IF(E18="","",E18-TODAY()))) | K18: =IF(A18="","",IF(J18="","Chưa nhập",IF(J18<0,"QUÁ HẠN",IF(J18<=IF(C18="Theo km",'THAM SỐ'!$B$32,'THAM SỐ'!$B$31),"Sắp đến hạn","Còn hạn")))) -> Chưa nhập
A19: 51D69998 | B19: Bảo dưỡng định kỳ (thay nhớt, lọc) | C19: Theo km | G19: 5000 | I19: =IF(C19<>"Theo km","",IF(COUNTIFS('NHẬT KÝ DẦU'!$B$5:$B$204,A19)=0,"",_xlfn.MAXIFS('NHẬT KÝ DẦU'!$G$5:$G$204,'NHẬT KÝ DẦU'!$B$5:$B$204,A19))) -> 61540 | J19: =IF(A19="","",IF(C19="Theo km",IF(OR(F19="",G19="",I19=""),"",F19+G19-I19),IF(E19="","",E19-TODAY()))) | K19: =IF(A19="","",IF(J19="","Chưa nhập",IF(J19<0,"QUÁ HẠN",IF(J19<=IF(C19="Theo km",'THAM SỐ'!$B$32,'THAM SỐ'!$B$31),"Sắp đến hạn","Còn hạn")))) -> Chưa nhập
A20: 51D69998 | B20: Đảo lốp / kiểm tra lốp | C20: Theo km | G20: 10000 | I20: =IF(C20<>"Theo km","",IF(COUNTIFS('NHẬT KÝ DẦU'!$B$5:$B$204,A20)=0,"",_xlfn.MAXIFS('NHẬT KÝ DẦU'!$G$5:$G$204,'NHẬT KÝ DẦU'!$B$5:$B$204,A20))) -> 61540 | J20: =IF(A20="","",IF(C20="Theo km",IF(OR(F20="",G20="",I20=""),"",F20+G20-I20),IF(E20="","",E20-TODAY()))) | K20: =IF(A20="","",IF(J20="","Chưa nhập",IF(J20<0,"QUÁ HẠN",IF(J20<=IF(C20="Theo km",'THAM SỐ'!$B$32,'THAM SỐ'!$B$31),"Sắp đến hạn","Còn hạn")))) -> Chưa nhập
A21: Nguyễn Chí Cang | B21: Hạn GPLX | C21: Theo ngày | E21: 47813 | I21: =IF(C21<>"Theo km","",IF(COUNTIFS('NHẬT KÝ DẦU'!$B$5:$B$204,A21)=0,"",_xlfn.MAXIFS('NHẬT KÝ DẦU'!$G$5:$G$204,'NHẬT KÝ DẦU'!$B$5:$B$204,A21))) | J21: =IF(A21="","",IF(C21="Theo km",IF(OR(F21="",G21="",I21=""),"",F21+G21-I21),IF(E21="","",E21-TODAY()))) -> 1508 | K21: =IF(A21="","",IF(J21="","Chưa nhập",IF(J21<0,"QUÁ HẠN",IF(J21<=IF(C21="Theo km",'THAM SỐ'!$B$32,'THAM SỐ'!$B$31),"Sắp đến hạn","Còn hạn")))) -> Còn hạn | L21: GPLX B2 hết hạn 26/11/2030
A22: Nguyễn Chí Cang | B22: Khám sức khỏe lái xe | C22: Theo ngày | I22: =IF(C22<>"Theo km","",IF(COUNTIFS('NHẬT KÝ DẦU'!$B$5:$B$204,A22)=0,"",_xlfn.MAXIFS('NHẬT KÝ DẦU'!$G$5:$G$204,'NHẬT KÝ DẦU'!$B$5:$B$204,A22))) | J22: =IF(A22="","",IF(C22="Theo km",IF(OR(F22="",G22="",I22=""),"",F22+G22-I22),IF(E22="","",E22-TODAY()))) | K22: =IF(A22="","",IF(J22="","Chưa nhập",IF(J22<0,"QUÁ HẠN",IF(J22<=IF(C22="Theo km",'THAM SỐ'!$B$32,'THAM SỐ'!$B$31),"Sắp đến hạn","Còn hạn")))) -> Chưa nhập
A23: Khải | B23: Hạn GPLX | C23: Theo ngày | I23: =IF(C23<>"Theo km","",IF(COUNTIFS('NHẬT KÝ DẦU'!$B$5:$B$204,A23)=0,"",_xlfn.MAXIFS('NHẬT KÝ DẦU'!$G$5:$G$204,'NHẬT KÝ DẦU'!$B$5:$B$204,A23))) | J23: =IF(A23="","",IF(C23="Theo km",IF(OR(F23="",G23="",I23=""),"",F23+G23-I23),IF(E23="","",E23-TODAY()))) | K23: =IF(A23="","",IF(J23="","Chưa nhập",IF(J23<0,"QUÁ HẠN",IF(J23<=IF(C23="Theo km",'THAM SỐ'!$B$32,'THAM SỐ'!$B$31),"Sắp đến hạn","Còn hạn")))) -> Chưa nhập
A24: Khải | B24: Khám sức khỏe lái xe | C24: Theo ngày | I24: =IF(C24<>"Theo km","",IF(COUNTIFS('NHẬT KÝ DẦU'!$B$5:$B$204,A24)=0,"",_xlfn.MAXIFS('NHẬT KÝ DẦU'!$G$5:$G$204,'NHẬT KÝ DẦU'!$B$5:$B$204,A24))) | J24: =IF(A24="","",IF(C24="Theo km",IF(OR(F24="",G24="",I24=""),"",F24+G24-I24),IF(E24="","",E24-TODAY()))) | K24: =IF(A24="","",IF(J24="","Chưa nhập",IF(J24<0,"QUÁ HẠN",IF(J24<=IF(C24="Theo km",'THAM SỐ'!$B$32,'THAM SỐ'!$B$31),"Sắp đến hạn","Còn hạn")))) -> Chưa nhập
I25: =IF(C25<>"Theo km","",IF(COUNTIFS('NHẬT KÝ DẦU'!$B$5:$B$204,A25)=0,"",_xlfn.MAXIFS('NHẬT KÝ DẦU'!$G$5:$G$204,'NHẬT KÝ DẦU'!$B$5:$B$204,A25))) | J25: =IF(A25="","",IF(C25="Theo km",IF(OR(F25="",G25="",I25=""),"",F25+G25-I25),IF(E25="","",E25-TODAY()))) | K25: =IF(A25="","",IF(J25="","Chưa nhập",IF(J25<0,"QUÁ HẠN",IF(J25<=IF(C25="Theo km",'THAM SỐ'!$B$32,'THAM SỐ'!$B$31),"Sắp đến hạn","Còn hạn"))))
I26: =IF(C26<>"Theo km","",IF(COUNTIFS('NHẬT KÝ DẦU'!$B$5:$B$204,A26)=0,"",_xlfn.MAXIFS('NHẬT KÝ DẦU'!$G$5:$G$204,'NHẬT KÝ DẦU'!$B$5:$B$204,A26))) | J26: =IF(A26="","",IF(C26="Theo km",IF(OR(F26="",G26="",I26=""),"",F26+G26-I26),IF(E26="","",E26-TODAY()))) | K26: =IF(A26="","",IF(J26="","Chưa nhập",IF(J26<0,"QUÁ HẠN",IF(J26<=IF(C26="Theo km",'THAM SỐ'!$B$32,'THAM SỐ'!$B$31),"Sắp đến hạn","Còn hạn"))))
I27: =IF(C27<>"Theo km","",IF(COUNTIFS('NHẬT KÝ DẦU'!$B$5:$B$204,A27)=0,"",_xlfn.MAXIFS('NHẬT KÝ DẦU'!$G$5:$G$204,'NHẬT KÝ DẦU'!$B$5:$B$204,A27))) | J27: =IF(A27="","",IF(C27="Theo km",IF(OR(F27="",G27="",I27=""),"",F27+G27-I27),IF(E27="","",E27-TODAY()))) | K27: =IF(A27="","",IF(J27="","Chưa nhập",IF(J27<0,"QUÁ HẠN",IF(J27<=IF(C27="Theo km",'THAM SỐ'!$B$32,'THAM SỐ'!$B$31),"Sắp đến hạn","Còn hạn"))))
I28: =IF(C28<>"Theo km","",IF(COUNTIFS('NHẬT KÝ DẦU'!$B$5:$B$204,A28)=0,"",_xlfn.MAXIFS('NHẬT KÝ DẦU'!$G$5:$G$204,'NHẬT KÝ DẦU'!$B$5:$B$204,A28))) | J28: =IF(A28="","",IF(C28="Theo km",IF(OR(F28="",G28="",I28=""),"",F28+G28-I28),IF(E28="","",E28-TODAY()))) | K28: =IF(A28="","",IF(J28="","Chưa nhập",IF(J28<0,"QUÁ HẠN",IF(J28<=IF(C28="Theo km",'THAM SỐ'!$B$32,'THAM SỐ'!$B$31),"Sắp đến hạn","Còn hạn"))))
I29: =IF(C29<>"Theo km","",IF(COUNTIFS('NHẬT KÝ DẦU'!$B$5:$B$204,A29)=0,"",_xlfn.MAXIFS('NHẬT KÝ DẦU'!$G$5:$G$204,'NHẬT KÝ DẦU'!$B$5:$B$204,A29))) | J29: =IF(A29="","",IF(C29="Theo km",IF(OR(F29="",G29="",I29=""),"",F29+G29-I29),IF(E29="","",E29-TODAY()))) | K29: =IF(A29="","",IF(J29="","Chưa nhập",IF(J29<0,"QUÁ HẠN",IF(J29<=IF(C29="Theo km",'THAM SỐ'!$B$32,'THAM SỐ'!$B$31),"Sắp đến hạn","Còn hạn"))))
I30: =IF(C30<>"Theo km","",IF(COUNTIFS('NHẬT KÝ DẦU'!$B$5:$B$204,A30)=0,"",_xlfn.MAXIFS('NHẬT KÝ DẦU'!$G$5:$G$204,'NHẬT KÝ DẦU'!$B$5:$B$204,A30))) | J30: =IF(A30="","",IF(C30="Theo km",IF(OR(F30="",G30="",I30=""),"",F30+G30-I30),IF(E30="","",E30-TODAY()))) | K30: =IF(A30="","",IF(J30="","Chưa nhập",IF(J30<0,"QUÁ HẠN",IF(J30<=IF(C30="Theo km",'THAM SỐ'!$B$32,'THAM SỐ'!$B$31),"Sắp đến hạn","Còn hạn"))))
I31: =IF(C31<>"Theo km","",IF(COUNTIFS('NHẬT KÝ DẦU'!$B$5:$B$204,A31)=0,"",_xlfn.MAXIFS('NHẬT KÝ DẦU'!$G$5:$G$204,'NHẬT KÝ DẦU'!$B$5:$B$204,A31))) | J31: =IF(A31="","",IF(C31="Theo km",IF(OR(F31="",G31="",I31=""),"",F31+G31-I31),IF(E31="","",E31-TODAY()))) | K31: =IF(A31="","",IF(J31="","Chưa nhập",IF(J31<0,"QUÁ HẠN",IF(J31<=IF(C31="Theo km",'THAM SỐ'!$B$32,'THAM SỐ'!$B$31),"Sắp đến hạn","Còn hạn"))))
I32: =IF(C32<>"Theo km","",IF(COUNTIFS('NHẬT KÝ DẦU'!$B$5:$B$204,A32)=0,"",_xlfn.MAXIFS('NHẬT KÝ DẦU'!$G$5:$G$204,'NHẬT KÝ DẦU'!$B$5:$B$204,A32))) | J32: =IF(A32="","",IF(C32="Theo km",IF(OR(F32="",G32="",I32=""),"",F32+G32-I32),IF(E32="","",E32-TODAY()))) | K32: =IF(A32="","",IF(J32="","Chưa nhập",IF(J32<0,"QUÁ HẠN",IF(J32<=IF(C32="Theo km",'THAM SỐ'!$B$32,'THAM SỐ'!$B$31),"Sắp đến hạn","Còn hạn"))))
I33: =IF(C33<>"Theo km","",IF(COUNTIFS('NHẬT KÝ DẦU'!$B$5:$B$204,A33)=0,"",_xlfn.MAXIFS('NHẬT KÝ DẦU'!$G$5:$G$204,'NHẬT KÝ DẦU'!$B$5:$B$204,A33))) | J33: =IF(A33="","",IF(C33="Theo km",IF(OR(F33="",G33="",I33=""),"",F33+G33-I33),IF(E33="","",E33-TODAY()))) | K33: =IF(A33="","",IF(J33="","Chưa nhập",IF(J33<0,"QUÁ HẠN",IF(J33<=IF(C33="Theo km",'THAM SỐ'!$B$32,'THAM SỐ'!$B$31),"Sắp đến hạn","Còn hạn"))))
I34: =IF(C34<>"Theo km","",IF(COUNTIFS('NHẬT KÝ DẦU'!$B$5:$B$204,A34)=0,"",_xlfn.MAXIFS('NHẬT KÝ DẦU'!$G$5:$G$204,'NHẬT KÝ DẦU'!$B$5:$B$204,A34))) | J34: =IF(A34="","",IF(C34="Theo km",IF(OR(F34="",G34="",I34=""),"",F34+G34-I34),IF(E34="","",E34-TODAY()))) | K34: =IF(A34="","",IF(J34="","Chưa nhập",IF(J34<0,"QUÁ HẠN",IF(J34<=IF(C34="Theo km",'THAM SỐ'!$B$32,'THAM SỐ'!$B$31),"Sắp đến hạn","Còn hạn"))))
I35: =IF(C35<>"Theo km","",IF(COUNTIFS('NHẬT KÝ DẦU'!$B$5:$B$204,A35)=0,"",_xlfn.MAXIFS('NHẬT KÝ DẦU'!$G$5:$G$204,'NHẬT KÝ DẦU'!$B$5:$B$204,A35))) | J35: =IF(A35="","",IF(C35="Theo km",IF(OR(F35="",G35="",I35=""),"",F35+G35-I35),IF(E35="","",E35-TODAY()))) | K35: =IF(A35="","",IF(J35="","Chưa nhập",IF(J35<0,"QUÁ HẠN",IF(J35<=IF(C35="Theo km",'THAM SỐ'!$B$32,'THAM SỐ'!$B$31),"Sắp đến hạn","Còn hạn"))))
I36: =IF(C36<>"Theo km","",IF(COUNTIFS('NHẬT KÝ DẦU'!$B$5:$B$204,A36)=0,"",_xlfn.MAXIFS('NHẬT KÝ DẦU'!$G$5:$G$204,'NHẬT KÝ DẦU'!$B$5:$B$204,A36))) | J36: =IF(A36="","",IF(C36="Theo km",IF(OR(F36="",G36="",I36=""),"",F36+G36-I36),IF(E36="","",E36-TODAY()))) | K36: =IF(A36="","",IF(J36="","Chưa nhập",IF(J36<0,"QUÁ HẠN",IF(J36<=IF(C36="Theo km",'THAM SỐ'!$B$32,'THAM SỐ'!$B$31),"Sắp đến hạn","Còn hạn"))))
... I44: =IF(C44<>"Theo km","",IF(COUNTIFS('NHẬT KÝ DẦU'!$B$5:$B$204,A44)=0,"",_xlfn.MAXIFS('NHẬT KÝ DẦU'!$G$5:$G$204,'NHẬT KÝ DẦU'!$B$5:$B$204,A44))) | J44: =IF(A44="","",IF(C44="Theo km",IF(OR(F44="",G44="",I44=""),"",F44+G44-I44),IF(E44="","",E44-TODAY()))) | K44: =IF(A44="","",IF(J44="","Chưa nhập",IF(J44<0,"QUÁ HẠN",IF(J44<=IF(C44="Theo km",'THAM SỐ'!$B$32,'THAM SỐ'!$B$31),"Sắp đến hạn","Còn hạn"))))

Sheet BÁO CÁO TUẦN
A1: BÁO CÁO TUẦN THEO TÀI XẾ
A2: CẤP 2 - Chọn ngày thứ 2 đầu tuần ở ô cam. Dùng để chốt công thứ 7, duyệt tăng ca và chấm điểm tuân thủ.
A3: Từ ngày (thứ 2) | B3: 46300 | C3: Đến ngày | D3: =B3+6 -> 46306
A5: Chỉ số | B5: =IF('THAM SỐ'!A11="","-",'THAM SỐ'!A11) -> Nguyễn Chí Cang | C5: =IF('THAM SỐ'!A12="","-",'THAM SỐ'!A12) -> Khải | D5: =IF('THAM SỐ'!A13="","-",'THAM SỐ'!A13) -> - | E5: =IF('THAM SỐ'!A14="","-",'THAM SỐ'!A14) -> - | F5: Toàn đội | G5: Ngưỡng | H5: Cách đọc
A6: Số ngày chạy xe | B6: =IF(B$5="-","",COUNTIFS('NHẬT KÝ NGÀY'!$A$5:$A$404,">="&$B$3,'NHẬT KÝ NGÀY'!$A$5:$A$404,"<="&$D$3,'NHẬT KÝ NGÀY'!$C$5:$C$404,B$5)) -> 5 | C6: =IF(C$5="-","",COUNTIFS('NHẬT KÝ NGÀY'!$A$5:$A$404,">="&$B$3,'NHẬT KÝ NGÀY'!$A$5:$A$404,"<="&$D$3,'NHẬT KÝ NGÀY'!$C$5:$C$404,C$5)) -> 4 | D6: =IF(D$5="-","",COUNTIFS('NHẬT KÝ NGÀY'!$A$5:$A$404,">="&$B$3,'NHẬT KÝ NGÀY'!$A$5:$A$404,"<="&$D$3,'NHẬT KÝ NGÀY'!$C$5:$C$404,D$5)) | E6: =IF(E$5="-","",COUNTIFS('NHẬT KÝ NGÀY'!$A$5:$A$404,">="&$B$3,'NHẬT KÝ NGÀY'!$A$5:$A$404,"<="&$D$3,'NHẬT KÝ NGÀY'!$C$5:$C$404,E$5)) | F6: =SUM(B6:E6) -> 9
A7: Số lệnh điều xe | B7: =IF(B$5="-","",COUNTIFS('LỆNH ĐIỀU XE'!$B$5:$B$604,">="&$B$3,'LỆNH ĐIỀU XE'!$B$5:$B$604,"<="&$D$3,'LỆNH ĐIỀU XE'!$D$5:$D$604,B$5)) -> 5 | C7: =IF(C$5="-","",COUNTIFS('LỆNH ĐIỀU XE'!$B$5:$B$604,">="&$B$3,'LỆNH ĐIỀU XE'!$B$5:$B$604,"<="&$D$3,'LỆNH ĐIỀU XE'!$D$5:$D$604,C$5)) -> 4 | D7: =IF(D$5="-","",COUNTIFS('LỆNH ĐIỀU XE'!$B$5:$B$604,">="&$B$3,'LỆNH ĐIỀU XE'!$B$5:$B$604,"<="&$D$3,'LỆNH ĐIỀU XE'!$D$5:$D$604,D$5)) | E7: =IF(E$5="-","",COUNTIFS('LỆNH ĐIỀU XE'!$B$5:$B$604,">="&$B$3,'LỆNH ĐIỀU XE'!$B$5:$B$604,"<="&$D$3,'LỆNH ĐIỀU XE'!$D$5:$D$604,E$5)) | F7: =SUM(B7:E7) -> 9
A8: Ngày chạy không có lệnh | B8: =IF(B$5="-","",COUNTIFS('NHẬT KÝ NGÀY'!$A$5:$A$404,">="&$B$3,'NHẬT KÝ NGÀY'!$A$5:$A$404,"<="&$D$3,'NHẬT KÝ NGÀY'!$C$5:$C$404,B$5,'NHẬT KÝ NGÀY'!$T$5:$T$404,0)) -> 0 | C8: =IF(C$5="-","",COUNTIFS('NHẬT KÝ NGÀY'!$A$5:$A$404,">="&$B$3,'NHẬT KÝ NGÀY'!$A$5:$A$404,"<="&$D$3,'NHẬT KÝ NGÀY'!$C$5:$C$404,C$5,'NHẬT KÝ NGÀY'!$T$5:$T$404,0)) -> 0 | D8: =IF(D$5="-","",COUNTIFS('NHẬT KÝ NGÀY'!$A$5:$A$404,">="&$B$3,'NHẬT KÝ NGÀY'!$A$5:$A$404,"<="&$D$3,'NHẬT KÝ NGÀY'!$C$5:$C$404,D$5,'NHẬT KÝ NGÀY'!$T$5:$T$404,0)) | E8: =IF(E$5="-","",COUNTIFS('NHẬT KÝ NGÀY'!$A$5:$A$404,">="&$B$3,'NHẬT KÝ NGÀY'!$A$5:$A$404,"<="&$D$3,'NHẬT KÝ NGÀY'!$C$5:$C$404,E$5,'NHẬT KÝ NGÀY'!$T$5:$T$404,0)) | F8: =SUM(B8:E8) -> 0 | G8: 0 | H8: Phải bằng 0 - không lệnh thì không duyệt tăng ca
A9: Km GPS | B9: =IF(B$5="-","",SUMIFS('NHẬT KÝ NGÀY'!$D$5:$D$404,'NHẬT KÝ NGÀY'!$A$5:$A$404,">="&$B$3,'NHẬT KÝ NGÀY'!$A$5:$A$404,"<="&$D$3,'NHẬT KÝ NGÀY'!$C$5:$C$404,B$5)) -> 930 | C9: =IF(C$5="-","",SUMIFS('NHẬT KÝ NGÀY'!$D$5:$D$404,'NHẬT KÝ NGÀY'!$A$5:$A$404,">="&$B$3,'NHẬT KÝ NGÀY'!$A$5:$A$404,"<="&$D$3,'NHẬT KÝ NGÀY'!$C$5:$C$404,C$5)) -> 237 | D9: =IF(D$5="-","",SUMIFS('NHẬT KÝ NGÀY'!$D$5:$D$404,'NHẬT KÝ NGÀY'!$A$5:$A$404,">="&$B$3,'NHẬT KÝ NGÀY'!$A$5:$A$404,"<="&$D$3,'NHẬT KÝ NGÀY'!$C$5:$C$404,D$5)) | E9: =IF(E$5="-","",SUMIFS('NHẬT KÝ NGÀY'!$D$5:$D$404,'NHẬT KÝ NGÀY'!$A$5:$A$404,">="&$B$3,'NHẬT KÝ NGÀY'!$A$5:$A$404,"<="&$D$3,'NHẬT KÝ NGÀY'!$C$5:$C$404,E$5)) | F9: =SUM(B9:E9) -> 1167
A10: Km dự kiến theo lệnh | B10: =IF(B$5="-","",SUMIFS('NHẬT KÝ NGÀY'!$U$5:$U$404,'NHẬT KÝ NGÀY'!$A$5:$A$404,">="&$B$3,'NHẬT KÝ NGÀY'!$A$5:$A$404,"<="&$D$3,'NHẬT KÝ NGÀY'!$C$5:$C$404,B$5)) -> 906 | C10: =IF(C$5="-","",SUMIFS('NHẬT KÝ NGÀY'!$U$5:$U$404,'NHẬT KÝ NGÀY'!$A$5:$A$404,">="&$B$3,'NHẬT KÝ NGÀY'!$A$5:$A$404,"<="&$D$3,'NHẬT KÝ NGÀY'!$C$5:$C$404,C$5)) -> 217 | D10: =IF(D$5="-","",SUMIFS('NHẬT KÝ NGÀY'!$U$5:$U$404,'NHẬT KÝ NGÀY'!$A$5:$A$404,">="&$B$3,'NHẬT KÝ NGÀY'!$A$5:$A$404,"<="&$D$3,'NHẬT KÝ NGÀY'!$C$5:$C$404,D$5)) | E10: =IF(E$5="-","",SUMIFS('NHẬT KÝ NGÀY'!$U$5:$U$404,'NHẬT KÝ NGÀY'!$A$5:$A$404,">="&$B$3,'NHẬT KÝ NGÀY'!$A$5:$A$404,"<="&$D$3,'NHẬT KÝ NGÀY'!$C$5:$C$404,E$5)) | F10: =SUM(B10:E10) -> 1123
A11: Giờ có mặt | B11: =IF(B$5="-","",SUMIFS('NHẬT KÝ NGÀY'!$W$5:$W$404,'NHẬT KÝ NGÀY'!$A$5:$A$404,">="&$B$3,'NHẬT KÝ NGÀY'!$A$5:$A$404,"<="&$D$3,'NHẬT KÝ NGÀY'!$C$5:$C$404,B$5)) -> 55.85 | C11: =IF(C$5="-","",SUMIFS('NHẬT KÝ NGÀY'!$W$5:$W$404,'NHẬT KÝ NGÀY'!$A$5:$A$404,">="&$B$3,'NHẬT KÝ NGÀY'!$A$5:$A$404,"<="&$D$3,'NHẬT KÝ NGÀY'!$C$5:$C$404,C$5)) -> 29.67 | D11: =IF(D$5="-","",SUMIFS('NHẬT KÝ NGÀY'!$W$5:$W$404,'NHẬT KÝ NGÀY'!$A$5:$A$404,">="&$B$3,'NHẬT KÝ NGÀY'!$A$5:$A$404,"<="&$D$3,'NHẬT KÝ NGÀY'!$C$5:$C$404,D$5)) | E11: =IF(E$5="-","",SUMIFS('NHẬT KÝ NGÀY'!$W$5:$W$404,'NHẬT KÝ NGÀY'!$A$5:$A$404,">="&$B$3,'NHẬT KÝ NGÀY'!$A$5:$A$404,"<="&$D$3,'NHẬT KÝ NGÀY'!$C$5:$C$404,E$5)) | F11: =SUM(B11:E11) -> 85.52 | H11: Từ mở máy đầu đến tắt máy cuối
A12: Giờ lăn bánh (giờ lái) | B12: =IF(B$5="-","",SUMIFS('NHẬT KÝ NGÀY'!$X$5:$X$404,'NHẬT KÝ NGÀY'!$A$5:$A$404,">="&$B$3,'NHẬT KÝ NGÀY'!$A$5:$A$404,"<="&$D$3,'NHẬT KÝ NGÀY'!$C$5:$C$404,B$5)) -> 23.92 | C12: =IF(C$5="-","",SUMIFS('NHẬT KÝ NGÀY'!$X$5:$X$404,'NHẬT KÝ NGÀY'!$A$5:$A$404,">="&$B$3,'NHẬT KÝ NGÀY'!$A$5:$A$404,"<="&$D$3,'NHẬT KÝ NGÀY'!$C$5:$C$404,C$5)) -> 9.91 | D12: =IF(D$5="-","",SUMIFS('NHẬT KÝ NGÀY'!$X$5:$X$404,'NHẬT KÝ NGÀY'!$A$5:$A$404,">="&$B$3,'NHẬT KÝ NGÀY'!$A$5:$A$404,"<="&$D$3,'NHẬT KÝ NGÀY'!$C$5:$C$404,D$5)) | E12: =IF(E$5="-","",SUMIFS('NHẬT KÝ NGÀY'!$X$5:$X$404,'NHẬT KÝ NGÀY'!$A$5:$A$404,">="&$B$3,'NHẬT KÝ NGÀY'!$A$5:$A$404,"<="&$D$3,'NHẬT KÝ NGÀY'!$C$5:$C$404,E$5)) | F12: =SUM(B12:E12) -> 33.83 | G12: ='THAM SỐ'!$B$26 -> 48 | H12: Không vượt giờ lái tối đa / tuần
A13: Tỉ lệ lăn bánh | B13: =IF(OR(B$5="-",N(B11)=0),"",B12/B11) -> 0.42829006 | C13: =IF(OR(C$5="-",N(C11)=0),"",C12/C11) -> 0.33400741 | D13: =IF(OR(D$5="-",N(D11)=0),"",D12/D11) | E13: =IF(OR(E$5="-",N(E11)=0),"",E12/E11) | F13: =IF(N(F11)=0,"",F12/F11) -> 0.39557998 | G13: ='THAM SỐ'!$B$33 -> 0.5 | H13: Thấp = xe và tài xế chờ nhiều → xem lại cách điều xe
A14: Giờ chờ | B14: =IF(B$5="-","",SUMIFS('NHẬT KÝ NGÀY'!$Y$5:$Y$404,'NHẬT KÝ NGÀY'!$A$5:$A$404,">="&$B$3,'NHẬT KÝ NGÀY'!$A$5:$A$404,"<="&$D$3,'NHẬT KÝ NGÀY'!$C$5:$C$404,B$5)) -> 31.93 | C14: =IF(C$5="-","",SUMIFS('NHẬT KÝ NGÀY'!$Y$5:$Y$404,'NHẬT KÝ NGÀY'!$A$5:$A$404,">="&$B$3,'NHẬT KÝ NGÀY'!$A$5:$A$404,"<="&$D$3,'NHẬT KÝ NGÀY'!$C$5:$C$404,C$5)) -> 19.76 | D14: =IF(D$5="-","",SUMIFS('NHẬT KÝ NGÀY'!$Y$5:$Y$404,'NHẬT KÝ NGÀY'!$A$5:$A$404,">="&$B$3,'NHẬT KÝ NGÀY'!$A$5:$A$404,"<="&$D$3,'NHẬT KÝ NGÀY'!$C$5:$C$404,D$5)) | E14: =IF(E$5="-","",SUMIFS('NHẬT KÝ NGÀY'!$Y$5:$Y$404,'NHẬT KÝ NGÀY'!$A$5:$A$404,">="&$B$3,'NHẬT KÝ NGÀY'!$A$5:$A$404,"<="&$D$3,'NHẬT KÝ NGÀY'!$C$5:$C$404,E$5)) | F14: =SUM(B14:E14) -> 51.69 | H14: Vấn đề của khâu điều phối, không phải tài xế
A15: Nổ máy đứng yên (giờ) | B15: =IF(B$5="-","",SUMIFS('NHẬT KÝ NGÀY'!$AA$5:$AA$404,'NHẬT KÝ NGÀY'!$A$5:$A$404,">="&$B$3,'NHẬT KÝ NGÀY'!$A$5:$A$404,"<="&$D$3,'NHẬT KÝ NGÀY'!$C$5:$C$404,B$5)) -> 5.16 | C15: =IF(C$5="-","",SUMIFS('NHẬT KÝ NGÀY'!$AA$5:$AA$404,'NHẬT KÝ NGÀY'!$A$5:$A$404,">="&$B$3,'NHẬT KÝ NGÀY'!$A$5:$A$404,"<="&$D$3,'NHẬT KÝ NGÀY'!$C$5:$C$404,C$5)) -> 4.84 | D15: =IF(D$5="-","",SUMIFS('NHẬT KÝ NGÀY'!$AA$5:$AA$404,'NHẬT KÝ NGÀY'!$A$5:$A$404,">="&$B$3,'NHẬT KÝ NGÀY'!$A$5:$A$404,"<="&$D$3,'NHẬT KÝ NGÀY'!$C$5:$C$404,D$5)) | E15: =IF(E$5="-","",SUMIFS('NHẬT KÝ NGÀY'!$AA$5:$AA$404,'NHẬT KÝ NGÀY'!$A$5:$A$404,">="&$B$3,'NHẬT KÝ NGÀY'!$A$5:$A$404,"<="&$D$3,'NHẬT KÝ NGÀY'!$C$5:$C$404,E$5)) | F15: =SUM(B15:E15) -> 10
A16: Số ngày lái quá giờ / ngày | B16: =IF(B$5="-","",COUNTIFS('NHẬT KÝ NGÀY'!$A$5:$A$404,">="&$B$3,'NHẬT KÝ NGÀY'!$A$5:$A$404,"<="&$D$3,'NHẬT KÝ NGÀY'!$C$5:$C$404,B$5,'NHẬT KÝ NGÀY'!$X$5:$X$404,">"&'THAM SỐ'!$B$25)) -> 0 | C16: =IF(C$5="-","",COUNTIFS('NHẬT KÝ NGÀY'!$A$5:$A$404,">="&$B$3,'NHẬT KÝ NGÀY'!$A$5:$A$404,"<="&$D$3,'NHẬT KÝ NGÀY'!$C$5:$C$404,C$5,'NHẬT KÝ NGÀY'!$X$5:$X$404,">"&'THAM SỐ'!$B$25)) -> 0 | D16: =IF(D$5="-","",COUNTIFS('NHẬT KÝ NGÀY'!$A$5:$A$404,">="&$B$3,'NHẬT KÝ NGÀY'!$A$5:$A$404,"<="&$D$3,'NHẬT KÝ NGÀY'!$C$5:$C$404,D$5,'NHẬT KÝ NGÀY'!$X$5:$X$404,">"&'THAM SỐ'!$B$25)) | E16: =IF(E$5="-","",COUNTIFS('NHẬT KÝ NGÀY'!$A$5:$A$404,">="&$B$3,'NHẬT KÝ NGÀY'!$A$5:$A$404,"<="&$D$3,'NHẬT KÝ NGÀY'!$C$5:$C$404,E$5,'NHẬT KÝ NGÀY'!$X$5:$X$404,">"&'THAM SỐ'!$B$25)) | F16: =SUM(B16:E16) -> 0 | G16: 0
A17: Số ngày có mặt quá giờ | B17: =IF(B$5="-","",COUNTIFS('NHẬT KÝ NGÀY'!$A$5:$A$404,">="&$B$3,'NHẬT KÝ NGÀY'!$A$5:$A$404,"<="&$D$3,'NHẬT KÝ NGÀY'!$C$5:$C$404,B$5,'NHẬT KÝ NGÀY'!$W$5:$W$404,">"&'THAM SỐ'!$B$27)) -> 2 | C17: =IF(C$5="-","",COUNTIFS('NHẬT KÝ NGÀY'!$A$5:$A$404,">="&$B$3,'NHẬT KÝ NGÀY'!$A$5:$A$404,"<="&$D$3,'NHẬT KÝ NGÀY'!$C$5:$C$404,C$5,'NHẬT KÝ NGÀY'!$W$5:$W$404,">"&'THAM SỐ'!$B$27)) -> 0 | D17: =IF(D$5="-","",COUNTIFS('NHẬT KÝ NGÀY'!$A$5:$A$404,">="&$B$3,'NHẬT KÝ NGÀY'!$A$5:$A$404,"<="&$D$3,'NHẬT KÝ NGÀY'!$C$5:$C$404,D$5,'NHẬT KÝ NGÀY'!$W$5:$W$404,">"&'THAM SỐ'!$B$27)) | E17: =IF(E$5="-","",COUNTIFS('NHẬT KÝ NGÀY'!$A$5:$A$404,">="&$B$3,'NHẬT KÝ NGÀY'!$A$5:$A$404,"<="&$D$3,'NHẬT KÝ NGÀY'!$C$5:$C$404,E$5,'NHẬT KÝ NGÀY'!$W$5:$W$404,">"&'THAM SỐ'!$B$27)) | F17: =SUM(B17:E17) -> 2 | G17: 0 | H17: Lịch điều xe đang dồn quá sức
A18: Số lần quá tốc độ | B18: =IF(B$5="-","",SUMIFS('NHẬT KÝ NGÀY'!$J$5:$J$404,'NHẬT KÝ NGÀY'!$A$5:$A$404,">="&$B$3,'NHẬT KÝ NGÀY'!$A$5:$A$404,"<="&$D$3,'NHẬT KÝ NGÀY'!$C$5:$C$404,B$5)) -> 3 | C18: =IF(C$5="-","",SUMIFS('NHẬT KÝ NGÀY'!$J$5:$J$404,'NHẬT KÝ NGÀY'!$A$5:$A$404,">="&$B$3,'NHẬT KÝ NGÀY'!$A$5:$A$404,"<="&$D$3,'NHẬT KÝ NGÀY'!$C$5:$C$404,C$5)) -> 0 | D18: =IF(D$5="-","",SUMIFS('NHẬT KÝ NGÀY'!$J$5:$J$404,'NHẬT KÝ NGÀY'!$A$5:$A$404,">="&$B$3,'NHẬT KÝ NGÀY'!$A$5:$A$404,"<="&$D$3,'NHẬT KÝ NGÀY'!$C$5:$C$404,D$5)) | E18: =IF(E$5="-","",SUMIFS('NHẬT KÝ NGÀY'!$J$5:$J$404,'NHẬT KÝ NGÀY'!$A$5:$A$404,">="&$B$3,'NHẬT KÝ NGÀY'!$A$5:$A$404,"<="&$D$3,'NHẬT KÝ NGÀY'!$C$5:$C$404,E$5)) | F18: =SUM(B18:E18) -> 3 | G18: 0
A19: Số lần lái quá 4 giờ liên tục | B19: =IF(B$5="-","",SUMIFS('NHẬT KÝ NGÀY'!$K$5:$K$404,'NHẬT KÝ NGÀY'!$A$5:$A$404,">="&$B$3,'NHẬT KÝ NGÀY'!$A$5:$A$404,"<="&$D$3,'NHẬT KÝ NGÀY'!$C$5:$C$404,B$5)) -> 2 | C19: =IF(C$5="-","",SUMIFS('NHẬT KÝ NGÀY'!$K$5:$K$404,'NHẬT KÝ NGÀY'!$A$5:$A$404,">="&$B$3,'NHẬT KÝ NGÀY'!$A$5:$A$404,"<="&$D$3,'NHẬT KÝ NGÀY'!$C$5:$C$404,C$5)) -> 0 | D19: =IF(D$5="-","",SUMIFS('NHẬT KÝ NGÀY'!$K$5:$K$404,'NHẬT KÝ NGÀY'!$A$5:$A$404,">="&$B$3,'NHẬT KÝ NGÀY'!$A$5:$A$404,"<="&$D$3,'NHẬT KÝ NGÀY'!$C$5:$C$404,D$5)) | E19: =IF(E$5="-","",SUMIFS('NHẬT KÝ NGÀY'!$K$5:$K$404,'NHẬT KÝ NGÀY'!$A$5:$A$404,">="&$B$3,'NHẬT KÝ NGÀY'!$A$5:$A$404,"<="&$D$3,'NHẬT KÝ NGÀY'!$C$5:$C$404,E$5)) | F19: =SUM(B19:E19) -> 2 | G19: 0
A20: Số lần dừng >10 phút không tắt máy | B20: =IF(B$5="-","",SUMIFS('NHẬT KÝ NGÀY'!$L$5:$L$404,'NHẬT KÝ NGÀY'!$A$5:$A$404,">="&$B$3,'NHẬT KÝ NGÀY'!$A$5:$A$404,"<="&$D$3,'NHẬT KÝ NGÀY'!$C$5:$C$404,B$5)) -> 1 | C20: =IF(C$5="-","",SUMIFS('NHẬT KÝ NGÀY'!$L$5:$L$404,'NHẬT KÝ NGÀY'!$A$5:$A$404,">="&$B$3,'NHẬT KÝ NGÀY'!$A$5:$A$404,"<="&$D$3,'NHẬT KÝ NGÀY'!$C$5:$C$404,C$5)) -> 3 | D20: =IF(D$5="-","",SUMIFS('NHẬT KÝ NGÀY'!$L$5:$L$404,'NHẬT KÝ NGÀY'!$A$5:$A$404,">="&$B$3,'NHẬT KÝ NGÀY'!$A$5:$A$404,"<="&$D$3,'NHẬT KÝ NGÀY'!$C$5:$C$404,D$5)) | E20: =IF(E$5="-","",SUMIFS('NHẬT KÝ NGÀY'!$L$5:$L$404,'NHẬT KÝ NGÀY'!$A$5:$A$404,">="&$B$3,'NHẬT KÝ NGÀY'!$A$5:$A$404,"<="&$D$3,'NHẬT KÝ NGÀY'!$C$5:$C$404,E$5)) | F20: =SUM(B20:E20) -> 4 | G20: ='THAM SỐ'!$B$34 -> 0
A21: Số lần dừng ngoài lệnh | B21: =IF(B$5="-","",SUMIFS('NHẬT KÝ NGÀY'!$N$5:$N$404,'NHẬT KÝ NGÀY'!$A$5:$A$404,">="&$B$3,'NHẬT KÝ NGÀY'!$A$5:$A$404,"<="&$D$3,'NHẬT KÝ NGÀY'!$C$5:$C$404,B$5)) -> 0 | C21: =IF(C$5="-","",SUMIFS('NHẬT KÝ NGÀY'!$N$5:$N$404,'NHẬT KÝ NGÀY'!$A$5:$A$404,">="&$B$3,'NHẬT KÝ NGÀY'!$A$5:$A$404,"<="&$D$3,'NHẬT KÝ NGÀY'!$C$5:$C$404,C$5)) -> 1 | D21: =IF(D$5="-","",SUMIFS('NHẬT KÝ NGÀY'!$N$5:$N$404,'NHẬT KÝ NGÀY'!$A$5:$A$404,">="&$B$3,'NHẬT KÝ NGÀY'!$A$5:$A$404,"<="&$D$3,'NHẬT KÝ NGÀY'!$C$5:$C$404,D$5)) | E21: =IF(E$5="-","",SUMIFS('NHẬT KÝ NGÀY'!$N$5:$N$404,'NHẬT KÝ NGÀY'!$A$5:$A$404,">="&$B$3,'NHẬT KÝ NGÀY'!$A$5:$A$404,"<="&$D$3,'NHẬT KÝ NGÀY'!$C$5:$C$404,E$5)) | F21: =SUM(B21:E21) -> 1 | G21: 0
A22: Số ngày thiếu ảnh báo cáo | B22: =IF(B$5="-","",COUNTIFS('NHẬT KÝ NGÀY'!$A$5:$A$404,">="&$B$3,'NHẬT KÝ NGÀY'!$A$5:$A$404,"<="&$D$3,'NHẬT KÝ NGÀY'!$C$5:$C$404,B$5,'NHẬT KÝ NGÀY'!$AL$5:$AL$404,"*Thiếu ảnh*")) -> 1 | C22: =IF(C$5="-","",COUNTIFS('NHẬT KÝ NGÀY'!$A$5:$A$404,">="&$B$3,'NHẬT KÝ NGÀY'!$A$5:$A$404,"<="&$D$3,'NHẬT KÝ NGÀY'!$C$5:$C$404,C$5,'NHẬT KÝ NGÀY'!$AL$5:$AL$404,"*Thiếu ảnh*")) -> 1 | D22: =IF(D$5="-","",COUNTIFS('NHẬT KÝ NGÀY'!$A$5:$A$404,">="&$B$3,'NHẬT KÝ NGÀY'!$A$5:$A$404,"<="&$D$3,'NHẬT KÝ NGÀY'!$C$5:$C$404,D$5,'NHẬT KÝ NGÀY'!$AL$5:$AL$404,"*Thiếu ảnh*")) | E22: =IF(E$5="-","",COUNTIFS('NHẬT KÝ NGÀY'!$A$5:$A$404,">="&$B$3,'NHẬT KÝ NGÀY'!$A$5:$A$404,"<="&$D$3,'NHẬT KÝ NGÀY'!$C$5:$C$404,E$5,'NHẬT KÝ NGÀY'!$AL$5:$AL$404,"*Thiếu ảnh*")) | F22: =SUM(B22:E22) -> 2 | G22: 0 | H22: 3 mốc: xuất phát, điểm giao, về xưởng
A23: Số ngày chưa đạt kiểm lốp | B23: =IF(B$5="-","",COUNTIFS('NHẬT KÝ NGÀY'!$A$5:$A$404,">="&$B$3,'NHẬT KÝ NGÀY'!$A$5:$A$404,"<="&$D$3,'NHẬT KÝ NGÀY'!$C$5:$C$404,B$5,'NHẬT KÝ NGÀY'!$AL$5:$AL$404,"*Lốp chưa đạt*")) -> 0 | C23: =IF(C$5="-","",COUNTIFS('NHẬT KÝ NGÀY'!$A$5:$A$404,">="&$B$3,'NHẬT KÝ NGÀY'!$A$5:$A$404,"<="&$D$3,'NHẬT KÝ NGÀY'!$C$5:$C$404,C$5,'NHẬT KÝ NGÀY'!$AL$5:$AL$404,"*Lốp chưa đạt*")) -> 1 | D23: =IF(D$5="-","",COUNTIFS('NHẬT KÝ NGÀY'!$A$5:$A$404,">="&$B$3,'NHẬT KÝ NGÀY'!$A$5:$A$404,"<="&$D$3,'NHẬT KÝ NGÀY'!$C$5:$C$404,D$5,'NHẬT KÝ NGÀY'!$AL$5:$AL$404,"*Lốp chưa đạt*")) | E23: =IF(E$5="-","",COUNTIFS('NHẬT KÝ NGÀY'!$A$5:$A$404,">="&$B$3,'NHẬT KÝ NGÀY'!$A$5:$A$404,"<="&$D$3,'NHẬT KÝ NGÀY'!$C$5:$C$404,E$5,'NHẬT KÝ NGÀY'!$AL$5:$AL$404,"*Lốp chưa đạt*")) | F23: =SUM(B23:E23) -> 1 | G23: 0
A24: Nhiên liệu GPS (L) | B24: =IF(B$5="-","",SUMIFS('NHẬT KÝ NGÀY'!$M$5:$M$404,'NHẬT KÝ NGÀY'!$A$5:$A$404,">="&$B$3,'NHẬT KÝ NGÀY'!$A$5:$A$404,"<="&$D$3,'NHẬT KÝ NGÀY'!$C$5:$C$404,B$5)) -> 106.7 | C24: =IF(C$5="-","",SUMIFS('NHẬT KÝ NGÀY'!$M$5:$M$404,'NHẬT KÝ NGÀY'!$A$5:$A$404,">="&$B$3,'NHẬT KÝ NGÀY'!$A$5:$A$404,"<="&$D$3,'NHẬT KÝ NGÀY'!$C$5:$C$404,C$5)) -> 28.5 | D24: =IF(D$5="-","",SUMIFS('NHẬT KÝ NGÀY'!$M$5:$M$404,'NHẬT KÝ NGÀY'!$A$5:$A$404,">="&$B$3,'NHẬT KÝ NGÀY'!$A$5:$A$404,"<="&$D$3,'NHẬT KÝ NGÀY'!$C$5:$C$404,D$5)) | E24: =IF(E$5="-","",SUMIFS('NHẬT KÝ NGÀY'!$M$5:$M$404,'NHẬT KÝ NGÀY'!$A$5:$A$404,">="&$B$3,'NHẬT KÝ NGÀY'!$A$5:$A$404,"<="&$D$3,'NHẬT KÝ NGÀY'!$C$5:$C$404,E$5)) | F24: =SUM(B24:E24) -> 135.2
A25: L/100km (GPS) | B25: =IF(OR(B$5="-",N(B9)=0),"",B24/B9*100) -> 11.473118 | C25: =IF(OR(C$5="-",N(C9)=0),"",C24/C9*100) -> 12.025316 | D25: =IF(OR(D$5="-",N(D9)=0),"",D24/D9*100) | E25: =IF(OR(E$5="-",N(E9)=0),"",E24/E9*100) | F25: =IF(N(F9)=0,"",F24/F9*100) -> 11.585261 | H25: So với định mức từng xe ở THAM SỐ
A26: Giờ tăng ca theo GPS | B26: =IF(B$5="-","",SUMIFS('NHẬT KÝ NGÀY'!$AG$5:$AG$404,'NHẬT KÝ NGÀY'!$A$5:$A$404,">="&$B$3,'NHẬT KÝ NGÀY'!$A$5:$A$404,"<="&$D$3,'NHẬT KÝ NGÀY'!$C$5:$C$404,B$5)) -> 13.55 | C26: =IF(C$5="-","",SUMIFS('NHẬT KÝ NGÀY'!$AG$5:$AG$404,'NHẬT KÝ NGÀY'!$A$5:$A$404,">="&$B$3,'NHẬT KÝ NGÀY'!$A$5:$A$404,"<="&$D$3,'NHẬT KÝ NGÀY'!$C$5:$C$404,C$5)) -> 0.66 | D26: =IF(D$5="-","",SUMIFS('NHẬT KÝ NGÀY'!$AG$5:$AG$404,'NHẬT KÝ NGÀY'!$A$5:$A$404,">="&$B$3,'NHẬT KÝ NGÀY'!$A$5:$A$404,"<="&$D$3,'NHẬT KÝ NGÀY'!$C$5:$C$404,D$5)) | E26: =IF(E$5="-","",SUMIFS('NHẬT KÝ NGÀY'!$AG$5:$AG$404,'NHẬT KÝ NGÀY'!$A$5:$A$404,">="&$B$3,'NHẬT KÝ NGÀY'!$A$5:$A$404,"<="&$D$3,'NHẬT KÝ NGÀY'!$C$5:$C$404,E$5)) | F26: =SUM(B26:E26) -> 14.21
A27: Giờ tăng ca được duyệt | B27: =IF(B$5="-","",SUMIFS('NHẬT KÝ NGÀY'!$AO$5:$AO$404,'NHẬT KÝ NGÀY'!$A$5:$A$404,">="&$B$3,'NHẬT KÝ NGÀY'!$A$5:$A$404,"<="&$D$3,'NHẬT KÝ NGÀY'!$C$5:$C$404,B$5)) -> 4.3 | C27: =IF(C$5="-","",SUMIFS('NHẬT KÝ NGÀY'!$AO$5:$AO$404,'NHẬT KÝ NGÀY'!$A$5:$A$404,">="&$B$3,'NHẬT KÝ NGÀY'!$A$5:$A$404,"<="&$D$3,'NHẬT KÝ NGÀY'!$C$5:$C$404,C$5)) -> 0 | D27: =IF(D$5="-","",SUMIFS('NHẬT KÝ NGÀY'!$AO$5:$AO$404,'NHẬT KÝ NGÀY'!$A$5:$A$404,">="&$B$3,'NHẬT KÝ NGÀY'!$A$5:$A$404,"<="&$D$3,'NHẬT KÝ NGÀY'!$C$5:$C$404,D$5)) | E27: =IF(E$5="-","",SUMIFS('NHẬT KÝ NGÀY'!$AO$5:$AO$404,'NHẬT KÝ NGÀY'!$A$5:$A$404,">="&$B$3,'NHẬT KÝ NGÀY'!$A$5:$A$404,"<="&$D$3,'NHẬT KÝ NGÀY'!$C$5:$C$404,E$5)) | F27: =SUM(B27:E27) -> 4.3
A28: Tiền tăng ca được duyệt (đ) | B28: =IF(B$5="-","",SUMIFS('NHẬT KÝ NGÀY'!$AP$5:$AP$404,'NHẬT KÝ NGÀY'!$A$5:$A$404,">="&$B$3,'NHẬT KÝ NGÀY'!$A$5:$A$404,"<="&$D$3,'NHẬT KÝ NGÀY'!$C$5:$C$404,B$5)) -> 255750 | C28: =IF(C$5="-","",SUMIFS('NHẬT KÝ NGÀY'!$AP$5:$AP$404,'NHẬT KÝ NGÀY'!$A$5:$A$404,">="&$B$3,'NHẬT KÝ NGÀY'!$A$5:$A$404,"<="&$D$3,'NHẬT KÝ NGÀY'!$C$5:$C$404,C$5)) -> 0 | D28: =IF(D$5="-","",SUMIFS('NHẬT KÝ NGÀY'!$AP$5:$AP$404,'NHẬT KÝ NGÀY'!$A$5:$A$404,">="&$B$3,'NHẬT KÝ NGÀY'!$A$5:$A$404,"<="&$D$3,'NHẬT KÝ NGÀY'!$C$5:$C$404,D$5)) | E28: =IF(E$5="-","",SUMIFS('NHẬT KÝ NGÀY'!$AP$5:$AP$404,'NHẬT KÝ NGÀY'!$A$5:$A$404,">="&$B$3,'NHẬT KÝ NGÀY'!$A$5:$A$404,"<="&$D$3,'NHẬT KÝ NGÀY'!$C$5:$C$404,E$5)) | F28: =SUM(B28:E28) -> 255750
A29: Số ngày tăng ca CHỜ DUYỆT | B29: =IF(B$5="-","",COUNTIFS('NHẬT KÝ NGÀY'!$A$5:$A$404,">="&$B$3,'NHẬT KÝ NGÀY'!$A$5:$A$404,"<="&$D$3,'NHẬT KÝ NGÀY'!$C$5:$C$404,B$5,'NHẬT KÝ NGÀY'!$AG$5:$AG$404,">0",'NHẬT KÝ NGÀY'!$AM$5:$AM$404,"")) -> 2 | C29: =IF(C$5="-","",COUNTIFS('NHẬT KÝ NGÀY'!$A$5:$A$404,">="&$B$3,'NHẬT KÝ NGÀY'!$A$5:$A$404,"<="&$D$3,'NHẬT KÝ NGÀY'!$C$5:$C$404,C$5,'NHẬT KÝ NGÀY'!$AG$5:$AG$404,">0",'NHẬT KÝ NGÀY'!$AM$5:$AM$404,"")) -> 1 | D29: =IF(D$5="-","",COUNTIFS('NHẬT KÝ NGÀY'!$A$5:$A$404,">="&$B$3,'NHẬT KÝ NGÀY'!$A$5:$A$404,"<="&$D$3,'NHẬT KÝ NGÀY'!$C$5:$C$404,D$5,'NHẬT KÝ NGÀY'!$AG$5:$AG$404,">0",'NHẬT KÝ NGÀY'!$AM$5:$AM$404,"")) | E29: =IF(E$5="-","",COUNTIFS('NHẬT KÝ NGÀY'!$A$5:$A$404,">="&$B$3,'NHẬT KÝ NGÀY'!$A$5:$A$404,"<="&$D$3,'NHẬT KÝ NGÀY'!$C$5:$C$404,E$5,'NHẬT KÝ NGÀY'!$AG$5:$AG$404,">0",'NHẬT KÝ NGÀY'!$AM$5:$AM$404,"")) | F29: =SUM(B29:E29) -> 3 | G29: 0 | H29: Chị duyệt ở cột cam sheet NHẬT KÝ NGÀY
A30: Sự cố, vi phạm do tài xế chịu | B30: =IF(B$5="-","",COUNTIFS('SỔ SỰ CỐ - CHI PHÍ'!$A$5:$A$204,">="&$B$3,'SỔ SỰ CỐ - CHI PHÍ'!$A$5:$A$204,"<="&$D$3,'SỔ SỰ CỐ - CHI PHÍ'!$C$5:$C$204,B$5,'SỔ SỰ CỐ - CHI PHÍ'!$H$5:$H$204,"Tài xế")) -> 0 | C30: =IF(C$5="-","",COUNTIFS('SỔ SỰ CỐ - CHI PHÍ'!$A$5:$A$204,">="&$B$3,'SỔ SỰ CỐ - CHI PHÍ'!$A$5:$A$204,"<="&$D$3,'SỔ SỰ CỐ - CHI PHÍ'!$C$5:$C$204,C$5,'SỔ SỰ CỐ - CHI PHÍ'!$H$5:$H$204,"Tài xế")) -> 1 | D30: =IF(D$5="-","",COUNTIFS('SỔ SỰ CỐ - CHI PHÍ'!$A$5:$A$204,">="&$B$3,'SỔ SỰ CỐ - CHI PHÍ'!$A$5:$A$204,"<="&$D$3,'SỔ SỰ CỐ - CHI PHÍ'!$C$5:$C$204,D$5,'SỔ SỰ CỐ - CHI PHÍ'!$H$5:$H$204,"Tài xế")) | E30: =IF(E$5="-","",COUNTIFS('SỔ SỰ CỐ - CHI PHÍ'!$A$5:$A$204,">="&$B$3,'SỔ SỰ CỐ - CHI PHÍ'!$A$5:$A$204,"<="&$D$3,'SỔ SỰ CỐ - CHI PHÍ'!$C$5:$C$204,E$5,'SỔ SỰ CỐ - CHI PHÍ'!$H$5:$H$204,"Tài xế")) | F30: =SUM(B30:E30) -> 1 | G30: 0
A31: Tổng sự cố, vi phạm trong tuần | B31: =IF(B$5="-","",COUNTIFS('SỔ SỰ CỐ - CHI PHÍ'!$A$5:$A$204,">="&$B$3,'SỔ SỰ CỐ - CHI PHÍ'!$A$5:$A$204,"<="&$D$3,'SỔ SỰ CỐ - CHI PHÍ'!$C$5:$C$204,B$5,'SỔ SỰ CỐ - CHI PHÍ'!$D$5:$D$204,"<>Chi phí")) -> 1 | C31: =IF(C$5="-","",COUNTIFS('SỔ SỰ CỐ - CHI PHÍ'!$A$5:$A$204,">="&$B$3,'SỔ SỰ CỐ - CHI PHÍ'!$A$5:$A$204,"<="&$D$3,'SỔ SỰ CỐ - CHI PHÍ'!$C$5:$C$204,C$5,'SỔ SỰ CỐ - CHI PHÍ'!$D$5:$D$204,"<>Chi phí")) -> 1 | D31: =IF(D$5="-","",COUNTIFS('SỔ SỰ CỐ - CHI PHÍ'!$A$5:$A$204,">="&$B$3,'SỔ SỰ CỐ - CHI PHÍ'!$A$5:$A$204,"<="&$D$3,'SỔ SỰ CỐ - CHI PHÍ'!$C$5:$C$204,D$5,'SỔ SỰ CỐ - CHI PHÍ'!$D$5:$D$204,"<>Chi phí")) | E31: =IF(E$5="-","",COUNTIFS('SỔ SỰ CỐ - CHI PHÍ'!$A$5:$A$204,">="&$B$3,'SỔ SỰ CỐ - CHI PHÍ'!$A$5:$A$204,"<="&$D$3,'SỔ SỰ CỐ - CHI PHÍ'!$C$5:$C$204,E$5,'SỔ SỰ CỐ - CHI PHÍ'!$D$5:$D$204,"<>Chi phí")) | F31: =SUM(B31:E31) -> 2
A33: ĐIỂM TUÂN THỦ TUẦN (5 tiêu chí đề xuất - chỉnh cho khớp phụ lục thưởng tuân thủ trong hợp đồng)
A34: 1. Không quá tốc độ | B34: =IF(OR(B$5="-",N(B$6)=0),"",IF(B18<=0,"Đạt","Không đạt")) -> Không đạt | C34: =IF(OR(C$5="-",N(C$6)=0),"",IF(C18<=0,"Đạt","Không đạt")) -> Đạt | D34: =IF(OR(D$5="-",N(D$6)=0),"",IF(D18<=0,"Đạt","Không đạt")) | E34: =IF(OR(E$5="-",N(E$6)=0),"",IF(E18<=0,"Đạt","Không đạt"))
A35: 2. Tắt máy khi dừng lâu | B35: =IF(OR(B$5="-",N(B$6)=0),"",IF(B20<=$G20,"Đạt","Không đạt")) -> Không đạt | C35: =IF(OR(C$5="-",N(C$6)=0),"",IF(C20<=$G20,"Đạt","Không đạt")) -> Không đạt | D35: =IF(OR(D$5="-",N(D$6)=0),"",IF(D20<=$G20,"Đạt","Không đạt")) | E35: =IF(OR(E$5="-",N(E$6)=0),"",IF(E20<=$G20,"Đạt","Không đạt"))
A36: 3. Không dừng ngoài lệnh | B36: =IF(OR(B$5="-",N(B$6)=0),"",IF(B21<=0,"Đạt","Không đạt")) -> Đạt | C36: =IF(OR(C$5="-",N(C$6)=0),"",IF(C21<=0,"Đạt","Không đạt")) -> Không đạt | D36: =IF(OR(D$5="-",N(D$6)=0),"",IF(D21<=0,"Đạt","Không đạt")) | E36: =IF(OR(E$5="-",N(E$6)=0),"",IF(E21<=0,"Đạt","Không đạt"))
A37: 4. Đủ ảnh và kiểm lốp mỗi ngày | B37: =IF(OR(B$5="-",N(B$6)=0),"",IF(B22+B23=0,"Đạt","Không đạt")) -> Không đạt | C37: =IF(OR(C$5="-",N(C$6)=0),"",IF(C22+C23=0,"Đạt","Không đạt")) -> Không đạt | D37: =IF(OR(D$5="-",N(D$6)=0),"",IF(D22+D23=0,"Đạt","Không đạt")) | E37: =IF(OR(E$5="-",N(E$6)=0),"",IF(E22+E23=0,"Đạt","Không đạt"))
A38: 5. Không sự cố, vi phạm do lỗi tài xế | B38: =IF(OR(B$5="-",N(B$6)=0),"",IF(B30<=0,"Đạt","Không đạt")) -> Đạt | C38: =IF(OR(C$5="-",N(C$6)=0),"",IF(C30<=0,"Đạt","Không đạt")) -> Không đạt | D38: =IF(OR(D$5="-",N(D$6)=0),"",IF(D30<=0,"Đạt","Không đạt")) | E38: =IF(OR(E$5="-",N(E$6)=0),"",IF(E30<=0,"Đạt","Không đạt"))
A39: Số tiêu chí đạt / 5 | B39: =IF(OR(B$5="-",N(B$6)=0),"",COUNTIF(B34:B38,"Đạt")) -> 2 | C39: =IF(OR(C$5="-",N(C$6)=0),"",COUNTIF(C34:C38,"Đạt")) -> 1 | D39: =IF(OR(D$5="-",N(D$6)=0),"",COUNTIF(D34:D38,"Đạt")) | E39: =IF(OR(E$5="-",N(E$6)=0),"",COUNTIF(E34:E38,"Đạt"))

Sheet BÁO CÁO THÁNG
A1: BÁO CÁO THÁNG THEO XE
A2: CẤP 2 - Chọn tháng và năm ở ô cam. Chi phí chỉ tính phần công ty chịu.
A3: Tháng | B3: 10 | C3: Năm | D3: 2026 | E3: Từ | F3: =DATE(D3,B3,1) -> 46296 | G3: Đến | H3: =EOMONTH(F3,0) -> 46326
A5: Chỉ số | B5: =IF('THAM SỐ'!A5="","-",'THAM SỐ'!A5) -> 51D98246 | C5: =IF('THAM SỐ'!A6="","-",'THAM SỐ'!A6) -> 51D69998 | D5: =IF('THAM SỐ'!A7="","-",'THAM SỐ'!A7) -> - | E5: Toàn đội | F5: Ghi chú
A6: KHAI THÁC
A7: Số chuyến (lệnh điều xe) | B7: =IF(B$5="-","",COUNTIFS('LỆNH ĐIỀU XE'!$B$5:$B$604,">="&$F$3,'LỆNH ĐIỀU XE'!$B$5:$B$604,"<="&$H$3,'LỆNH ĐIỀU XE'!$C$5:$C$604,B$5)) -> 5 | C7: =IF(C$5="-","",COUNTIFS('LỆNH ĐIỀU XE'!$B$5:$B$604,">="&$F$3,'LỆNH ĐIỀU XE'!$B$5:$B$604,"<="&$H$3,'LỆNH ĐIỀU XE'!$C$5:$C$604,C$5)) -> 4 | D7: =IF(D$5="-","",COUNTIFS('LỆNH ĐIỀU XE'!$B$5:$B$604,">="&$F$3,'LỆNH ĐIỀU XE'!$B$5:$B$604,"<="&$H$3,'LỆNH ĐIỀU XE'!$C$5:$C$604,D$5)) | E7: =SUM(B7:D7) -> 9
A8: Trung chuyển kho | B8: =IF(B$5="-","",COUNTIFS('LỆNH ĐIỀU XE'!$B$5:$B$604,">="&$F$3,'LỆNH ĐIỀU XE'!$B$5:$B$604,"<="&$H$3,'LỆNH ĐIỀU XE'!$C$5:$C$604,B$5,'LỆNH ĐIỀU XE'!$E$5:$E$604,"Trung chuyển kho")) -> 3 | C8: =IF(C$5="-","",COUNTIFS('LỆNH ĐIỀU XE'!$B$5:$B$604,">="&$F$3,'LỆNH ĐIỀU XE'!$B$5:$B$604,"<="&$H$3,'LỆNH ĐIỀU XE'!$C$5:$C$604,C$5,'LỆNH ĐIỀU XE'!$E$5:$E$604,"Trung chuyển kho")) -> 0 | D8: =IF(D$5="-","",COUNTIFS('LỆNH ĐIỀU XE'!$B$5:$B$604,">="&$F$3,'LỆNH ĐIỀU XE'!$B$5:$B$604,"<="&$H$3,'LỆNH ĐIỀU XE'!$C$5:$C$604,D$5,'LỆNH ĐIỀU XE'!$E$5:$E$604,"Trung chuyển kho")) | E8: =SUM(B8:D8) -> 3
A9: Rải vật tư công trình | B9: =IF(B$5="-","",COUNTIFS('LỆNH ĐIỀU XE'!$B$5:$B$604,">="&$F$3,'LỆNH ĐIỀU XE'!$B$5:$B$604,"<="&$H$3,'LỆNH ĐIỀU XE'!$C$5:$C$604,B$5,'LỆNH ĐIỀU XE'!$E$5:$E$604,"Rải vật tư công trình")) -> 1 | C9: =IF(C$5="-","",COUNTIFS('LỆNH ĐIỀU XE'!$B$5:$B$604,">="&$F$3,'LỆNH ĐIỀU XE'!$B$5:$B$604,"<="&$H$3,'LỆNH ĐIỀU XE'!$C$5:$C$604,C$5,'LỆNH ĐIỀU XE'!$E$5:$E$604,"Rải vật tư công trình")) -> 2 | D9: =IF(D$5="-","",COUNTIFS('LỆNH ĐIỀU XE'!$B$5:$B$604,">="&$F$3,'LỆNH ĐIỀU XE'!$B$5:$B$604,"<="&$H$3,'LỆNH ĐIỀU XE'!$C$5:$C$604,D$5,'LỆNH ĐIỀU XE'!$E$5:$E$604,"Rải vật tư công trình")) | E9: =SUM(B9:D9) -> 3
A10: Giao hàng dự án | B10: =IF(B$5="-","",COUNTIFS('LỆNH ĐIỀU XE'!$B$5:$B$604,">="&$F$3,'LỆNH ĐIỀU XE'!$B$5:$B$604,"<="&$H$3,'LỆNH ĐIỀU XE'!$C$5:$C$604,B$5,'LỆNH ĐIỀU XE'!$E$5:$E$604,"Giao hàng dự án")) -> 1 | C10: =IF(C$5="-","",COUNTIFS('LỆNH ĐIỀU XE'!$B$5:$B$604,">="&$F$3,'LỆNH ĐIỀU XE'!$B$5:$B$604,"<="&$H$3,'LỆNH ĐIỀU XE'!$C$5:$C$604,C$5,'LỆNH ĐIỀU XE'!$E$5:$E$604,"Giao hàng dự án")) -> 2 | D10: =IF(D$5="-","",COUNTIFS('LỆNH ĐIỀU XE'!$B$5:$B$604,">="&$F$3,'LỆNH ĐIỀU XE'!$B$5:$B$604,"<="&$H$3,'LỆNH ĐIỀU XE'!$C$5:$C$604,D$5,'LỆNH ĐIỀU XE'!$E$5:$E$604,"Giao hàng dự án")) | E10: =SUM(B10:D10) -> 3
A11: Số lệnh lập bù | B11: =IF(B$5="-","",COUNTIFS('LỆNH ĐIỀU XE'!$B$5:$B$604,">="&$F$3,'LỆNH ĐIỀU XE'!$B$5:$B$604,"<="&$H$3,'LỆNH ĐIỀU XE'!$C$5:$C$604,B$5,'LỆNH ĐIỀU XE'!$Q$5:$Q$604,"Lập bù")) -> 0 | C11: =IF(C$5="-","",COUNTIFS('LỆNH ĐIỀU XE'!$B$5:$B$604,">="&$F$3,'LỆNH ĐIỀU XE'!$B$5:$B$604,"<="&$H$3,'LỆNH ĐIỀU XE'!$C$5:$C$604,C$5,'LỆNH ĐIỀU XE'!$Q$5:$Q$604,"Lập bù")) -> 1 | D11: =IF(D$5="-","",COUNTIFS('LỆNH ĐIỀU XE'!$B$5:$B$604,">="&$F$3,'LỆNH ĐIỀU XE'!$B$5:$B$604,"<="&$H$3,'LỆNH ĐIỀU XE'!$C$5:$C$604,D$5,'LỆNH ĐIỀU XE'!$Q$5:$Q$604,"Lập bù")) | E11: =SUM(B11:D11) -> 1 | F11: Lập bù nhiều = đối chiếu mất tác dụng
A12: Số chuyến quá tải | B12: =IF(B$5="-","",COUNTIFS('LỆNH ĐIỀU XE'!$B$5:$B$604,">="&$F$3,'LỆNH ĐIỀU XE'!$B$5:$B$604,"<="&$H$3,'LỆNH ĐIỀU XE'!$C$5:$C$604,B$5,'LỆNH ĐIỀU XE'!$T$5:$T$604,"QUÁ TẢI")) -> 1 | C12: =IF(C$5="-","",COUNTIFS('LỆNH ĐIỀU XE'!$B$5:$B$604,">="&$F$3,'LỆNH ĐIỀU XE'!$B$5:$B$604,"<="&$H$3,'LỆNH ĐIỀU XE'!$C$5:$C$604,C$5,'LỆNH ĐIỀU XE'!$T$5:$T$604,"QUÁ TẢI")) -> 0 | D12: =IF(D$5="-","",COUNTIFS('LỆNH ĐIỀU XE'!$B$5:$B$604,">="&$F$3,'LỆNH ĐIỀU XE'!$B$5:$B$604,"<="&$H$3,'LỆNH ĐIỀU XE'!$C$5:$C$604,D$5,'LỆNH ĐIỀU XE'!$T$5:$T$604,"QUÁ TẢI")) | E12: =SUM(B12:D12) -> 1 | F12: Công ty chịu lỗi quá tải; liên quan trực tiếp nổ lốp
A13: Km GPS | B13: =IF(B$5="-","",SUMIFS('NHẬT KÝ NGÀY'!$D$5:$D$404,'NHẬT KÝ NGÀY'!$A$5:$A$404,">="&$F$3,'NHẬT KÝ NGÀY'!$A$5:$A$404,"<="&$H$3,'NHẬT KÝ NGÀY'!$B$5:$B$404,B$5)) -> 930 | C13: =IF(C$5="-","",SUMIFS('NHẬT KÝ NGÀY'!$D$5:$D$404,'NHẬT KÝ NGÀY'!$A$5:$A$404,">="&$F$3,'NHẬT KÝ NGÀY'!$A$5:$A$404,"<="&$H$3,'NHẬT KÝ NGÀY'!$B$5:$B$404,C$5)) -> 237 | D13: =IF(D$5="-","",SUMIFS('NHẬT KÝ NGÀY'!$D$5:$D$404,'NHẬT KÝ NGÀY'!$A$5:$A$404,">="&$F$3,'NHẬT KÝ NGÀY'!$A$5:$A$404,"<="&$H$3,'NHẬT KÝ NGÀY'!$B$5:$B$404,D$5)) | E13: =SUM(B13:D13) -> 1167
A14: Giờ có mặt | B14: =IF(B$5="-","",SUMIFS('NHẬT KÝ NGÀY'!$W$5:$W$404,'NHẬT KÝ NGÀY'!$A$5:$A$404,">="&$F$3,'NHẬT KÝ NGÀY'!$A$5:$A$404,"<="&$H$3,'NHẬT KÝ NGÀY'!$B$5:$B$404,B$5)) -> 55.85 | C14: =IF(C$5="-","",SUMIFS('NHẬT KÝ NGÀY'!$W$5:$W$404,'NHẬT KÝ NGÀY'!$A$5:$A$404,">="&$F$3,'NHẬT KÝ NGÀY'!$A$5:$A$404,"<="&$H$3,'NHẬT KÝ NGÀY'!$B$5:$B$404,C$5)) -> 29.67 | D14: =IF(D$5="-","",SUMIFS('NHẬT KÝ NGÀY'!$W$5:$W$404,'NHẬT KÝ NGÀY'!$A$5:$A$404,">="&$F$3,'NHẬT KÝ NGÀY'!$A$5:$A$404,"<="&$H$3,'NHẬT KÝ NGÀY'!$B$5:$B$404,D$5)) | E14: =SUM(B14:D14) -> 85.52
A15: Giờ lăn bánh | B15: =IF(B$5="-","",SUMIFS('NHẬT KÝ NGÀY'!$X$5:$X$404,'NHẬT KÝ NGÀY'!$A$5:$A$404,">="&$F$3,'NHẬT KÝ NGÀY'!$A$5:$A$404,"<="&$H$3,'NHẬT KÝ NGÀY'!$B$5:$B$404,B$5)) -> 23.92 | C15: =IF(C$5="-","",SUMIFS('NHẬT KÝ NGÀY'!$X$5:$X$404,'NHẬT KÝ NGÀY'!$A$5:$A$404,">="&$F$3,'NHẬT KÝ NGÀY'!$A$5:$A$404,"<="&$H$3,'NHẬT KÝ NGÀY'!$B$5:$B$404,C$5)) -> 9.91 | D15: =IF(D$5="-","",SUMIFS('NHẬT KÝ NGÀY'!$X$5:$X$404,'NHẬT KÝ NGÀY'!$A$5:$A$404,">="&$F$3,'NHẬT KÝ NGÀY'!$A$5:$A$404,"<="&$H$3,'NHẬT KÝ NGÀY'!$B$5:$B$404,D$5)) | E15: =SUM(B15:D15) -> 33.83
A16: Tỉ lệ lăn bánh | B16: =IF(N(B14)=0,"",B15/B14*1) -> 0.42829006 | C16: =IF(N(C14)=0,"",C15/C14*1) -> 0.33400741 | D16: =IF(N(D14)=0,"",D15/D14*1) | E16: =IF(N(E14)=0,"",E15/E14*1) -> 0.39557998 | F16: Mục tiêu từ 50% trở lên
A17: Giờ chờ | B17: =IF(B$5="-","",SUMIFS('NHẬT KÝ NGÀY'!$Y$5:$Y$404,'NHẬT KÝ NGÀY'!$A$5:$A$404,">="&$F$3,'NHẬT KÝ NGÀY'!$A$5:$A$404,"<="&$H$3,'NHẬT KÝ NGÀY'!$B$5:$B$404,B$5)) -> 31.93 | C17: =IF(C$5="-","",SUMIFS('NHẬT KÝ NGÀY'!$Y$5:$Y$404,'NHẬT KÝ NGÀY'!$A$5:$A$404,">="&$F$3,'NHẬT KÝ NGÀY'!$A$5:$A$404,"<="&$H$3,'NHẬT KÝ NGÀY'!$B$5:$B$404,C$5)) -> 19.76 | D17: =IF(D$5="-","",SUMIFS('NHẬT KÝ NGÀY'!$Y$5:$Y$404,'NHẬT KÝ NGÀY'!$A$5:$A$404,">="&$F$3,'NHẬT KÝ NGÀY'!$A$5:$A$404,"<="&$H$3,'NHẬT KÝ NGÀY'!$B$5:$B$404,D$5)) | E17: =SUM(B17:D17) -> 51.69
A18: Nổ máy đứng yên (giờ) | B18: =IF(B$5="-","",SUMIFS('NHẬT KÝ NGÀY'!$AA$5:$AA$404,'NHẬT KÝ NGÀY'!$A$5:$A$404,">="&$F$3,'NHẬT KÝ NGÀY'!$A$5:$A$404,"<="&$H$3,'NHẬT KÝ NGÀY'!$B$5:$B$404,B$5)) -> 5.16 | C18: =IF(C$5="-","",SUMIFS('NHẬT KÝ NGÀY'!$AA$5:$AA$404,'NHẬT KÝ NGÀY'!$A$5:$A$404,">="&$F$3,'NHẬT KÝ NGÀY'!$A$5:$A$404,"<="&$H$3,'NHẬT KÝ NGÀY'!$B$5:$B$404,C$5)) -> 4.84 | D18: =IF(D$5="-","",SUMIFS('NHẬT KÝ NGÀY'!$AA$5:$AA$404,'NHẬT KÝ NGÀY'!$A$5:$A$404,">="&$F$3,'NHẬT KÝ NGÀY'!$A$5:$A$404,"<="&$H$3,'NHẬT KÝ NGÀY'!$B$5:$B$404,D$5)) | E18: =SUM(B18:D18) -> 10
A19: NHIÊN LIỆU
A20: Dầu đổ theo hóa đơn (L) | B20: =IF(B$5="-","",SUMIFS('NHẬT KÝ DẦU'!$E$5:$E$204,'NHẬT KÝ DẦU'!$A$5:$A$204,">="&$F$3,'NHẬT KÝ DẦU'!$A$5:$A$204,"<="&$H$3,'NHẬT KÝ DẦU'!$B$5:$B$204,B$5)) -> 103 | C20: =IF(C$5="-","",SUMIFS('NHẬT KÝ DẦU'!$E$5:$E$204,'NHẬT KÝ DẦU'!$A$5:$A$204,">="&$F$3,'NHẬT KÝ DẦU'!$A$5:$A$204,"<="&$H$3,'NHẬT KÝ DẦU'!$B$5:$B$204,C$5)) -> 30 | D20: =IF(D$5="-","",SUMIFS('NHẬT KÝ DẦU'!$E$5:$E$204,'NHẬT KÝ DẦU'!$A$5:$A$204,">="&$F$3,'NHẬT KÝ DẦU'!$A$5:$A$204,"<="&$H$3,'NHẬT KÝ DẦU'!$B$5:$B$204,D$5)) | E20: =SUM(B20:D20) -> 133
A21: L/100km thực tế (hóa đơn / km GPS) | B21: =IF(N(B13)=0,"",B20/B13*100) -> 11.075269 | C21: =IF(N(C13)=0,"",C20/C13*100) -> 12.658228 | D21: =IF(N(D13)=0,"",D20/D13*100) | E21: =IF(N(E13)=0,"",E20/E13*100) -> 11.396744 | F21: Gồm cả dầu nổ máy đứng yên
A22: Định mức lăn bánh (L/100km) | B22: =IF(B$5="-","",'THAM SỐ'!D5) -> 10 | C22: =IF(C$5="-","",'THAM SỐ'!D6) -> 9 | D22: =IF(D$5="-","",'THAM SỐ'!D7) | E22: ="" | F22: Lấy từ THAM SỐ
A23: Vượt định mức | B23: =IF(OR(B21="",N(B22)=0),"",B21/B22-1) -> 0.10752688 | C23: =IF(OR(C21="",N(C22)=0),"",C21/C22-1) -> 0.40646976 | D23: =IF(OR(D21="",N(D22)=0),"",D21/D22-1) | E23: ="" | F23: Trên 15% cần tìm nguyên nhân
A24: AN TOÀN VÀ KỶ LUẬT
A25: Số lần quá tốc độ | B25: =IF(B$5="-","",SUMIFS('NHẬT KÝ NGÀY'!$J$5:$J$404,'NHẬT KÝ NGÀY'!$A$5:$A$404,">="&$F$3,'NHẬT KÝ NGÀY'!$A$5:$A$404,"<="&$H$3,'NHẬT KÝ NGÀY'!$B$5:$B$404,B$5)) -> 3 | C25: =IF(C$5="-","",SUMIFS('NHẬT KÝ NGÀY'!$J$5:$J$404,'NHẬT KÝ NGÀY'!$A$5:$A$404,">="&$F$3,'NHẬT KÝ NGÀY'!$A$5:$A$404,"<="&$H$3,'NHẬT KÝ NGÀY'!$B$5:$B$404,C$5)) -> 0 | D25: =IF(D$5="-","",SUMIFS('NHẬT KÝ NGÀY'!$J$5:$J$404,'NHẬT KÝ NGÀY'!$A$5:$A$404,">="&$F$3,'NHẬT KÝ NGÀY'!$A$5:$A$404,"<="&$H$3,'NHẬT KÝ NGÀY'!$B$5:$B$404,D$5)) | E25: =SUM(B25:D25) -> 3
A26: Số lần lái quá 4 giờ liên tục | B26: =IF(B$5="-","",SUMIFS('NHẬT KÝ NGÀY'!$K$5:$K$404,'NHẬT KÝ NGÀY'!$A$5:$A$404,">="&$F$3,'NHẬT KÝ NGÀY'!$A$5:$A$404,"<="&$H$3,'NHẬT KÝ NGÀY'!$B$5:$B$404,B$5)) -> 2 | C26: =IF(C$5="-","",SUMIFS('NHẬT KÝ NGÀY'!$K$5:$K$404,'NHẬT KÝ NGÀY'!$A$5:$A$404,">="&$F$3,'NHẬT KÝ NGÀY'!$A$5:$A$404,"<="&$H$3,'NHẬT KÝ NGÀY'!$B$5:$B$404,C$5)) -> 0 | D26: =IF(D$5="-","",SUMIFS('NHẬT KÝ NGÀY'!$K$5:$K$404,'NHẬT KÝ NGÀY'!$A$5:$A$404,">="&$F$3,'NHẬT KÝ NGÀY'!$A$5:$A$404,"<="&$H$3,'NHẬT KÝ NGÀY'!$B$5:$B$404,D$5)) | E26: =SUM(B26:D26) -> 2
A27: Số lần dừng >10 phút không tắt máy | B27: =IF(B$5="-","",SUMIFS('NHẬT KÝ NGÀY'!$L$5:$L$404,'NHẬT KÝ NGÀY'!$A$5:$A$404,">="&$F$3,'NHẬT KÝ NGÀY'!$A$5:$A$404,"<="&$H$3,'NHẬT KÝ NGÀY'!$B$5:$B$404,B$5)) -> 1 | C27: =IF(C$5="-","",SUMIFS('NHẬT KÝ NGÀY'!$L$5:$L$404,'NHẬT KÝ NGÀY'!$A$5:$A$404,">="&$F$3,'NHẬT KÝ NGÀY'!$A$5:$A$404,"<="&$H$3,'NHẬT KÝ NGÀY'!$B$5:$B$404,C$5)) -> 3 | D27: =IF(D$5="-","",SUMIFS('NHẬT KÝ NGÀY'!$L$5:$L$404,'NHẬT KÝ NGÀY'!$A$5:$A$404,">="&$F$3,'NHẬT KÝ NGÀY'!$A$5:$A$404,"<="&$H$3,'NHẬT KÝ NGÀY'!$B$5:$B$404,D$5)) | E27: =SUM(B27:D27) -> 4
A28: Số lần dừng ngoài lệnh | B28: =IF(B$5="-","",SUMIFS('NHẬT KÝ NGÀY'!$N$5:$N$404,'NHẬT KÝ NGÀY'!$A$5:$A$404,">="&$F$3,'NHẬT KÝ NGÀY'!$A$5:$A$404,"<="&$H$3,'NHẬT KÝ NGÀY'!$B$5:$B$404,B$5)) -> 0 | C28: =IF(C$5="-","",SUMIFS('NHẬT KÝ NGÀY'!$N$5:$N$404,'NHẬT KÝ NGÀY'!$A$5:$A$404,">="&$F$3,'NHẬT KÝ NGÀY'!$A$5:$A$404,"<="&$H$3,'NHẬT KÝ NGÀY'!$B$5:$B$404,C$5)) -> 1 | D28: =IF(D$5="-","",SUMIFS('NHẬT KÝ NGÀY'!$N$5:$N$404,'NHẬT KÝ NGÀY'!$A$5:$A$404,">="&$F$3,'NHẬT KÝ NGÀY'!$A$5:$A$404,"<="&$H$3,'NHẬT KÝ NGÀY'!$B$5:$B$404,D$5)) | E28: =SUM(B28:D28) -> 1
A29: Số ngày có mặt quá giờ | B29: =IF(B$5="-","",COUNTIFS('NHẬT KÝ NGÀY'!$A$5:$A$404,">="&$F$3,'NHẬT KÝ NGÀY'!$A$5:$A$404,"<="&$H$3,'NHẬT KÝ NGÀY'!$B$5:$B$404,B$5,'NHẬT KÝ NGÀY'!$W$5:$W$404,">"&'THAM SỐ'!$B$27)) -> 2 | C29: =IF(C$5="-","",COUNTIFS('NHẬT KÝ NGÀY'!$A$5:$A$404,">="&$F$3,'NHẬT KÝ NGÀY'!$A$5:$A$404,"<="&$H$3,'NHẬT KÝ NGÀY'!$B$5:$B$404,C$5,'NHẬT KÝ NGÀY'!$W$5:$W$404,">"&'THAM SỐ'!$B$27)) -> 0 | D29: =IF(D$5="-","",COUNTIFS('NHẬT KÝ NGÀY'!$A$5:$A$404,">="&$F$3,'NHẬT KÝ NGÀY'!$A$5:$A$404,"<="&$H$3,'NHẬT KÝ NGÀY'!$B$5:$B$404,D$5,'NHẬT KÝ NGÀY'!$W$5:$W$404,">"&'THAM SỐ'!$B$27)) | E29: =SUM(B29:D29) -> 2
A30: Số lần nổ lốp | B30: =IF(B$5="-","",COUNTIFS('SỔ SỰ CỐ - CHI PHÍ'!$A$5:$A$204,">="&$F$3,'SỔ SỰ CỐ - CHI PHÍ'!$A$5:$A$204,"<="&$H$3,'SỔ SỰ CỐ - CHI PHÍ'!$B$5:$B$204,B$5,'SỔ SỰ CỐ - CHI PHÍ'!$E$5:$E$204,"Nổ lốp")) -> 1 | C30: =IF(C$5="-","",COUNTIFS('SỔ SỰ CỐ - CHI PHÍ'!$A$5:$A$204,">="&$F$3,'SỔ SỰ CỐ - CHI PHÍ'!$A$5:$A$204,"<="&$H$3,'SỔ SỰ CỐ - CHI PHÍ'!$B$5:$B$204,C$5,'SỔ SỰ CỐ - CHI PHÍ'!$E$5:$E$204,"Nổ lốp")) -> 0 | D30: =IF(D$5="-","",COUNTIFS('SỔ SỰ CỐ - CHI PHÍ'!$A$5:$A$204,">="&$F$3,'SỔ SỰ CỐ - CHI PHÍ'!$A$5:$A$204,"<="&$H$3,'SỔ SỰ CỐ - CHI PHÍ'!$B$5:$B$204,D$5,'SỔ SỰ CỐ - CHI PHÍ'!$E$5:$E$204,"Nổ lốp")) | E30: =SUM(B30:D30) -> 1
A31: Số sự cố xe khác | B31: =IF(B$5="-","",COUNTIFS('SỔ SỰ CỐ - CHI PHÍ'!$A$5:$A$204,">="&$F$3,'SỔ SỰ CỐ - CHI PHÍ'!$A$5:$A$204,"<="&$H$3,'SỔ SỰ CỐ - CHI PHÍ'!$B$5:$B$204,B$5,'SỔ SỰ CỐ - CHI PHÍ'!$D$5:$D$204,"Sự cố xe")-COUNTIFS('SỔ SỰ CỐ - CHI PHÍ'!$A$5:$A$204,">="&$F$3,'SỔ SỰ CỐ - CHI PHÍ'!$A$5:$A$204,"<="&$H$3,'SỔ SỰ CỐ - CHI PHÍ'!$B$5:$B$204,B$5,'SỔ SỰ CỐ - CHI PHÍ'!$E$5:$E$204,"Nổ lốp")) -> 0 | C31: =IF(C$5="-","",COUNTIFS('SỔ SỰ CỐ - CHI PHÍ'!$A$5:$A$204,">="&$F$3,'SỔ SỰ CỐ - CHI PHÍ'!$A$5:$A$204,"<="&$H$3,'SỔ SỰ CỐ - CHI PHÍ'!$B$5:$B$204,C$5,'SỔ SỰ CỐ - CHI PHÍ'!$D$5:$D$204,"Sự cố xe")-COUNTIFS('SỔ SỰ CỐ - CHI PHÍ'!$A$5:$A$204,">="&$F$3,'SỔ SỰ CỐ - CHI PHÍ'!$A$5:$A$204,"<="&$H$3,'SỔ SỰ CỐ - CHI PHÍ'!$B$5:$B$204,C$5,'SỔ SỰ CỐ - CHI PHÍ'!$E$5:$E$204,"Nổ lốp")) -> 0 | D31: =IF(D$5="-","",COUNTIFS('SỔ SỰ CỐ - CHI PHÍ'!$A$5:$A$204,">="&$F$3,'SỔ SỰ CỐ - CHI PHÍ'!$A$5:$A$204,"<="&$H$3,'SỔ SỰ CỐ - CHI PHÍ'!$B$5:$B$204,D$5,'SỔ SỰ CỐ - CHI PHÍ'!$D$5:$D$204,"Sự cố xe")-COUNTIFS('SỔ SỰ CỐ - CHI PHÍ'!$A$5:$A$204,">="&$F$3,'SỔ SỰ CỐ - CHI PHÍ'!$A$5:$A$204,"<="&$H$3,'SỔ SỰ CỐ - CHI PHÍ'!$B$5:$B$204,D$5,'SỔ SỰ CỐ - CHI PHÍ'!$E$5:$E$204,"Nổ lốp")) | E31: =SUM(B31:D31) -> 0
A32: Số lần phạt nguội | B32: =IF(B$5="-","",COUNTIFS('SỔ SỰ CỐ - CHI PHÍ'!$A$5:$A$204,">="&$F$3,'SỔ SỰ CỐ - CHI PHÍ'!$A$5:$A$204,"<="&$H$3,'SỔ SỰ CỐ - CHI PHÍ'!$B$5:$B$204,B$5,'SỔ SỰ CỐ - CHI PHÍ'!$E$5:$E$204,"Phạt nguội")) -> 0 | C32: =IF(C$5="-","",COUNTIFS('SỔ SỰ CỐ - CHI PHÍ'!$A$5:$A$204,">="&$F$3,'SỔ SỰ CỐ - CHI PHÍ'!$A$5:$A$204,"<="&$H$3,'SỔ SỰ CỐ - CHI PHÍ'!$B$5:$B$204,C$5,'SỔ SỰ CỐ - CHI PHÍ'!$E$5:$E$204,"Phạt nguội")) -> 0 | D32: =IF(D$5="-","",COUNTIFS('SỔ SỰ CỐ - CHI PHÍ'!$A$5:$A$204,">="&$F$3,'SỔ SỰ CỐ - CHI PHÍ'!$A$5:$A$204,"<="&$H$3,'SỔ SỰ CỐ - CHI PHÍ'!$B$5:$B$204,D$5,'SỔ SỰ CỐ - CHI PHÍ'!$E$5:$E$204,"Phạt nguội")) | E32: =SUM(B32:D32) -> 0
A33: CHI PHÍ (đ)
A34: Tiền dầu | B34: =IF(B$5="-","",SUMIFS('NHẬT KÝ DẦU'!$K$5:$K$204,'NHẬT KÝ DẦU'!$A$5:$A$204,">="&$F$3,'NHẬT KÝ DẦU'!$A$5:$A$204,"<="&$H$3,'NHẬT KÝ DẦU'!$B$5:$B$204,B$5)) -> 2008500 | C34: =IF(C$5="-","",SUMIFS('NHẬT KÝ DẦU'!$K$5:$K$204,'NHẬT KÝ DẦU'!$A$5:$A$204,">="&$F$3,'NHẬT KÝ DẦU'!$A$5:$A$204,"<="&$H$3,'NHẬT KÝ DẦU'!$B$5:$B$204,C$5)) -> 585000 | D34: =IF(D$5="-","",SUMIFS('NHẬT KÝ DẦU'!$K$5:$K$204,'NHẬT KÝ DẦU'!$A$5:$A$204,">="&$F$3,'NHẬT KÝ DẦU'!$A$5:$A$204,"<="&$H$3,'NHẬT KÝ DẦU'!$B$5:$B$204,D$5)) | E34: =SUM(B34:D34) -> 2593500
A35: Tiền tăng ca được duyệt | B35: =IF(B$5="-","",SUMIFS('NHẬT KÝ NGÀY'!$AP$5:$AP$404,'NHẬT KÝ NGÀY'!$A$5:$A$404,">="&$F$3,'NHẬT KÝ NGÀY'!$A$5:$A$404,"<="&$H$3,'NHẬT KÝ NGÀY'!$B$5:$B$404,B$5)) -> 255750 | C35: =IF(C$5="-","",SUMIFS('NHẬT KÝ NGÀY'!$AP$5:$AP$404,'NHẬT KÝ NGÀY'!$A$5:$A$404,">="&$F$3,'NHẬT KÝ NGÀY'!$A$5:$A$404,"<="&$H$3,'NHẬT KÝ NGÀY'!$B$5:$B$404,C$5)) -> 0 | D35: =IF(D$5="-","",SUMIFS('NHẬT KÝ NGÀY'!$AP$5:$AP$404,'NHẬT KÝ NGÀY'!$A$5:$A$404,">="&$F$3,'NHẬT KÝ NGÀY'!$A$5:$A$404,"<="&$H$3,'NHẬT KÝ NGÀY'!$B$5:$B$404,D$5)) | E35: =SUM(B35:D35) -> 255750
A36: Sự cố và vi phạm (công ty chịu) | B36: =IF(B$5="-","",SUMIFS('SỔ SỰ CỐ - CHI PHÍ'!$G$5:$G$204,'SỔ SỰ CỐ - CHI PHÍ'!$A$5:$A$204,">="&$F$3,'SỔ SỰ CỐ - CHI PHÍ'!$A$5:$A$204,"<="&$H$3,'SỔ SỰ CỐ - CHI PHÍ'!$B$5:$B$204,B$5,'SỔ SỰ CỐ - CHI PHÍ'!$H$5:$H$204,"Công ty",'SỔ SỰ CỐ - CHI PHÍ'!$D$5:$D$204,"Sự cố xe")+SUMIFS('SỔ SỰ CỐ - CHI PHÍ'!$G$5:$G$204,'SỔ SỰ CỐ - CHI PHÍ'!$A$5:$A$204,">="&$F$3,'SỔ SỰ CỐ - CHI PHÍ'!$A$5:$A$204,"<="&$H$3,'SỔ SỰ CỐ - CHI PHÍ'!$B$5:$B$204,B$5,'SỔ SỰ CỐ - CHI PHÍ'!$H$5:$H$204,"Công ty",'SỔ SỰ CỐ - CHI PHÍ'!$D$5:$D$204,"Vi phạm")) -> 2400000 | C36: =IF(C$5="-","",SUMIFS('SỔ SỰ CỐ - CHI PHÍ'!$G$5:$G$204,'SỔ SỰ CỐ - CHI PHÍ'!$A$5:$A$204,">="&$F$3,'SỔ SỰ CỐ - CHI PHÍ'!$A$5:$A$204,"<="&$H$3,'SỔ SỰ CỐ - CHI PHÍ'!$B$5:$B$204,C$5,'SỔ SỰ CỐ - CHI PHÍ'!$H$5:$H$204,"Công ty",'SỔ SỰ CỐ - CHI PHÍ'!$D$5:$D$204,"Sự cố xe")+SUMIFS('SỔ SỰ CỐ - CHI PHÍ'!$G$5:$G$204,'SỔ SỰ CỐ - CHI PHÍ'!$A$5:$A$204,">="&$F$3,'SỔ SỰ CỐ - CHI PHÍ'!$A$5:$A$204,"<="&$H$3,'SỔ SỰ CỐ - CHI PHÍ'!$B$5:$B$204,C$5,'SỔ SỰ CỐ - CHI PHÍ'!$H$5:$H$204,"Công ty",'SỔ SỰ CỐ - CHI PHÍ'!$D$5:$D$204,"Vi phạm")) -> 0 | D36: =IF(D$5="-","",SUMIFS('SỔ SỰ CỐ - CHI PHÍ'!$G$5:$G$204,'SỔ SỰ CỐ - CHI PHÍ'!$A$5:$A$204,">="&$F$3,'SỔ SỰ CỐ - CHI PHÍ'!$A$5:$A$204,"<="&$H$3,'SỔ SỰ CỐ - CHI PHÍ'!$B$5:$B$204,D$5,'SỔ SỰ CỐ - CHI PHÍ'!$H$5:$H$204,"Công ty",'SỔ SỰ CỐ - CHI PHÍ'!$D$5:$D$204,"Sự cố xe")+SUMIFS('SỔ SỰ CỐ - CHI PHÍ'!$G$5:$G$204,'SỔ SỰ CỐ - CHI PHÍ'!$A$5:$A$204,">="&$F$3,'SỔ SỰ CỐ - CHI PHÍ'!$A$5:$A$204,"<="&$H$3,'SỔ SỰ CỐ - CHI PHÍ'!$B$5:$B$204,D$5,'SỔ SỰ CỐ - CHI PHÍ'!$H$5:$H$204,"Công ty",'SỔ SỰ CỐ - CHI PHÍ'!$D$5:$D$204,"Vi phạm")) | E36: =SUM(B36:D36) -> 2400000
A37: Phí đường, bảo dưỡng, chi phí khác | B37: =IF(B$5="-","",SUMIFS('SỔ SỰ CỐ - CHI PHÍ'!$G$5:$G$204,'SỔ SỰ CỐ - CHI PHÍ'!$A$5:$A$204,">="&$F$3,'SỔ SỰ CỐ - CHI PHÍ'!$A$5:$A$204,"<="&$H$3,'SỔ SỰ CỐ - CHI PHÍ'!$B$5:$B$204,B$5,'SỔ SỰ CỐ - CHI PHÍ'!$H$5:$H$204,"Công ty",'SỔ SỰ CỐ - CHI PHÍ'!$D$5:$D$204,"Chi phí")) -> 180000 | C37: =IF(C$5="-","",SUMIFS('SỔ SỰ CỐ - CHI PHÍ'!$G$5:$G$204,'SỔ SỰ CỐ - CHI PHÍ'!$A$5:$A$204,">="&$F$3,'SỔ SỰ CỐ - CHI PHÍ'!$A$5:$A$204,"<="&$H$3,'SỔ SỰ CỐ - CHI PHÍ'!$B$5:$B$204,C$5,'SỔ SỰ CỐ - CHI PHÍ'!$H$5:$H$204,"Công ty",'SỔ SỰ CỐ - CHI PHÍ'!$D$5:$D$204,"Chi phí")) -> 0 | D37: =IF(D$5="-","",SUMIFS('SỔ SỰ CỐ - CHI PHÍ'!$G$5:$G$204,'SỔ SỰ CỐ - CHI PHÍ'!$A$5:$A$204,">="&$F$3,'SỔ SỰ CỐ - CHI PHÍ'!$A$5:$A$204,"<="&$H$3,'SỔ SỰ CỐ - CHI PHÍ'!$B$5:$B$204,D$5,'SỔ SỰ CỐ - CHI PHÍ'!$H$5:$H$204,"Công ty",'SỔ SỰ CỐ - CHI PHÍ'!$D$5:$D$204,"Chi phí")) | E37: =SUM(B37:D37) -> 180000
A38: TỔNG CHI PHÍ VẬN HÀNH | B38: =IF(B$5="-","",SUM(B34:B37)) -> 4844250 | C38: =IF(C$5="-","",SUM(C34:C37)) -> 585000 | D38: =IF(D$5="-","",SUM(D34:D37)) | E38: =SUM(B38:D38) -> 5429250 | F38: Chưa gồm lương cứng, khấu hao, lãi vay
A39: Chi phí / km (đ) | B39: =IF(N(B13)=0,"",B38/B13*1) -> 5208.871 | C39: =IF(N(C13)=0,"",C38/C13*1) -> 2468.3544 | D39: =IF(N(D13)=0,"",D38/D13*1) | E39: =IF(N(E13)=0,"",E38/E13*1) -> 4652.3136 | F39: Dùng để tính giá thành vận chuyển cho từng công trình
A41: CHI PHÍ XE PHÂN BỔ THEO CÔNG TRÌNH / DỰ ÁN (theo km dự kiến trên lệnh)
A42: Công trình / Dự án | B42: Số chuyến | C42: Km dự kiến | D42: Khối lượng (kg) | E42: Chi phí xe phân bổ (đ)
A43: =IF('THAM SỐ'!M5="","",'THAM SỐ'!M5) -> Trung chuyển kho | B43: =IF(A43="","",COUNTIFS('LỆNH ĐIỀU XE'!$B$5:$B$604,">="&$F$3,'LỆNH ĐIỀU XE'!$B$5:$B$604,"<="&$H$3,'LỆNH ĐIỀU XE'!$F$5:$F$604,A43)) -> 3 | C43: =IF(A43="","",SUMIFS('LỆNH ĐIỀU XE'!$J$5:$J$604,'LỆNH ĐIỀU XE'!$B$5:$B$604,">="&$F$3,'LỆNH ĐIỀU XE'!$B$5:$B$604,"<="&$H$3,'LỆNH ĐIỀU XE'!$F$5:$F$604,A43)) -> 700 | D43: =IF(A43="","",SUMIFS('LỆNH ĐIỀU XE'!$M$5:$M$604,'LỆNH ĐIỀU XE'!$B$5:$B$604,">="&$F$3,'LỆNH ĐIỀU XE'!$B$5:$B$604,"<="&$H$3,'LỆNH ĐIỀU XE'!$F$5:$F$604,A43)) -> 4400 | E43: =IF(A43="","",IF(SUMIFS('LỆNH ĐIỀU XE'!$J$5:$J$604,'LỆNH ĐIỀU XE'!$B$5:$B$604,">="&$F$3,'LỆNH ĐIỀU XE'!$B$5:$B$604,"<="&$H$3)=0,0,ROUND(C43/SUMIFS('LỆNH ĐIỀU XE'!$J$5:$J$604,'LỆNH ĐIỀU XE'!$B$5:$B$604,">="&$F$3,'LỆNH ĐIỀU XE'!$B$5:$B$604,"<="&$H$3)*$E$38,0))) -> 3384216
A44: =IF('THAM SỐ'!M6="","",'THAM SỐ'!M6) -> Nippon Đức Tài | B44: =IF(A44="","",COUNTIFS('LỆNH ĐIỀU XE'!$B$5:$B$604,">="&$F$3,'LỆNH ĐIỀU XE'!$B$5:$B$604,"<="&$H$3,'LỆNH ĐIỀU XE'!$F$5:$F$604,A44)) -> 2 | C44: =IF(A44="","",SUMIFS('LỆNH ĐIỀU XE'!$J$5:$J$604,'LỆNH ĐIỀU XE'!$B$5:$B$604,">="&$F$3,'LỆNH ĐIỀU XE'!$B$5:$B$604,"<="&$H$3,'LỆNH ĐIỀU XE'!$F$5:$F$604,A44)) -> 80 | D44: =IF(A44="","",SUMIFS('LỆNH ĐIỀU XE'!$M$5:$M$604,'LỆNH ĐIỀU XE'!$B$5:$B$604,">="&$F$3,'LỆNH ĐIỀU XE'!$B$5:$B$604,"<="&$H$3,'LỆNH ĐIỀU XE'!$F$5:$F$604,A44)) -> 1600 | E44: =IF(A44="","",IF(SUMIFS('LỆNH ĐIỀU XE'!$J$5:$J$604,'LỆNH ĐIỀU XE'!$B$5:$B$604,">="&$F$3,'LỆNH ĐIỀU XE'!$B$5:$B$604,"<="&$H$3)=0,0,ROUND(C44/SUMIFS('LỆNH ĐIỀU XE'!$J$5:$J$604,'LỆNH ĐIỀU XE'!$B$5:$B$604,">="&$F$3,'LỆNH ĐIỀU XE'!$B$5:$B$604,"<="&$H$3)*$E$38,0))) -> 386768
A45: =IF('THAM SỐ'!M7="","",'THAM SỐ'!M7) -> POSM CENTURY 2026 | B45: =IF(A45="","",COUNTIFS('LỆNH ĐIỀU XE'!$B$5:$B$604,">="&$F$3,'LỆNH ĐIỀU XE'!$B$5:$B$604,"<="&$H$3,'LỆNH ĐIỀU XE'!$F$5:$F$604,A45)) -> 2 | C45: =IF(A45="","",SUMIFS('LỆNH ĐIỀU XE'!$J$5:$J$604,'LỆNH ĐIỀU XE'!$B$5:$B$604,">="&$F$3,'LỆNH ĐIỀU XE'!$B$5:$B$604,"<="&$H$3,'LỆNH ĐIỀU XE'!$F$5:$F$604,A45)) -> 245 | D45: =IF(A45="","",SUMIFS('LỆNH ĐIỀU XE'!$M$5:$M$604,'LỆNH ĐIỀU XE'!$B$5:$B$604,">="&$F$3,'LỆNH ĐIỀU XE'!$B$5:$B$604,"<="&$H$3,'LỆNH ĐIỀU XE'!$F$5:$F$604,A45)) -> 3000 | E45: =IF(A45="","",IF(SUMIFS('LỆNH ĐIỀU XE'!$J$5:$J$604,'LỆNH ĐIỀU XE'!$B$5:$B$604,">="&$F$3,'LỆNH ĐIỀU XE'!$B$5:$B$604,"<="&$H$3)=0,0,ROUND(C45/SUMIFS('LỆNH ĐIỀU XE'!$J$5:$J$604,'LỆNH ĐIỀU XE'!$B$5:$B$604,">="&$F$3,'LỆNH ĐIỀU XE'!$B$5:$B$604,"<="&$H$3)*$E$38,0))) -> 1184476
A46: =IF('THAM SỐ'!M8="","",'THAM SỐ'!M8) -> Galaxy | B46: =IF(A46="","",COUNTIFS('LỆNH ĐIỀU XE'!$B$5:$B$604,">="&$F$3,'LỆNH ĐIỀU XE'!$B$5:$B$604,"<="&$H$3,'LỆNH ĐIỀU XE'!$F$5:$F$604,A46)) -> 2 | C46: =IF(A46="","",SUMIFS('LỆNH ĐIỀU XE'!$J$5:$J$604,'LỆNH ĐIỀU XE'!$B$5:$B$604,">="&$F$3,'LỆNH ĐIỀU XE'!$B$5:$B$604,"<="&$H$3,'LỆNH ĐIỀU XE'!$F$5:$F$604,A46)) -> 98 | D46: =IF(A46="","",SUMIFS('LỆNH ĐIỀU XE'!$M$5:$M$604,'LỆNH ĐIỀU XE'!$B$5:$B$604,">="&$F$3,'LỆNH ĐIỀU XE'!$B$5:$B$604,"<="&$H$3,'LỆNH ĐIỀU XE'!$F$5:$F$604,A46)) -> 3000 | E46: =IF(A46="","",IF(SUMIFS('LỆNH ĐIỀU XE'!$J$5:$J$604,'LỆNH ĐIỀU XE'!$B$5:$B$604,">="&$F$3,'LỆNH ĐIỀU XE'!$B$5:$B$604,"<="&$H$3)=0,0,ROUND(C46/SUMIFS('LỆNH ĐIỀU XE'!$J$5:$J$604,'LỆNH ĐIỀU XE'!$B$5:$B$604,">="&$F$3,'LỆNH ĐIỀU XE'!$B$5:$B$604,"<="&$H$3)*$E$38,0))) -> 473790
A47: =IF('THAM SỐ'!M9="","",'THAM SỐ'!M9) | B47: =IF(A47="","",COUNTIFS('LỆNH ĐIỀU XE'!$B$5:$B$604,">="&$F$3,'LỆNH ĐIỀU XE'!$B$5:$B$604,"<="&$H$3,'LỆNH ĐIỀU XE'!$F$5:$F$604,A47)) | C47: =IF(A47="","",SUMIFS('LỆNH ĐIỀU XE'!$J$5:$J$604,'LỆNH ĐIỀU XE'!$B$5:$B$604,">="&$F$3,'LỆNH ĐIỀU XE'!$B$5:$B$604,"<="&$H$3,'LỆNH ĐIỀU XE'!$F$5:$F$604,A47)) | D47: =IF(A47="","",SUMIFS('LỆNH ĐIỀU XE'!$M$5:$M$604,'LỆNH ĐIỀU XE'!$B$5:$B$604,">="&$F$3,'LỆNH ĐIỀU XE'!$B$5:$B$604,"<="&$H$3,'LỆNH ĐIỀU XE'!$F$5:$F$604,A47)) | E47: =IF(A47="","",IF(SUMIFS('LỆNH ĐIỀU XE'!$J$5:$J$604,'LỆNH ĐIỀU XE'!$B$5:$B$604,">="&$F$3,'LỆNH ĐIỀU XE'!$B$5:$B$604,"<="&$H$3)=0,0,ROUND(C47/SUMIFS('LỆNH ĐIỀU XE'!$J$5:$J$604,'LỆNH ĐIỀU XE'!$B$5:$B$604,">="&$F$3,'LỆNH ĐIỀU XE'!$B$5:$B$604,"<="&$H$3)*$E$38,0)))
A48: =IF('THAM SỐ'!M10="","",'THAM SỐ'!M10) | B48: =IF(A48="","",COUNTIFS('LỆNH ĐIỀU XE'!$B$5:$B$604,">="&$F$3,'LỆNH ĐIỀU XE'!$B$5:$B$604,"<="&$H$3,'LỆNH ĐIỀU XE'!$F$5:$F$604,A48)) | C48: =IF(A48="","",SUMIFS('LỆNH ĐIỀU XE'!$J$5:$J$604,'LỆNH ĐIỀU XE'!$B$5:$B$604,">="&$F$3,'LỆNH ĐIỀU XE'!$B$5:$B$604,"<="&$H$3,'LỆNH ĐIỀU XE'!$F$5:$F$604,A48)) | D48: =IF(A48="","",SUMIFS('LỆNH ĐIỀU XE'!$M$5:$M$604,'LỆNH ĐIỀU XE'!$B$5:$B$604,">="&$F$3,'LỆNH ĐIỀU XE'!$B$5:$B$604,"<="&$H$3,'LỆNH ĐIỀU XE'!$F$5:$F$604,A48)) | E48: =IF(A48="","",IF(SUMIFS('LỆNH ĐIỀU XE'!$J$5:$J$604,'LỆNH ĐIỀU XE'!$B$5:$B$604,">="&$F$3,'LỆNH ĐIỀU XE'!$B$5:$B$604,"<="&$H$3)=0,0,ROUND(C48/SUMIFS('LỆNH ĐIỀU XE'!$J$5:$J$604,'LỆNH ĐIỀU XE'!$B$5:$B$604,">="&$F$3,'LỆNH ĐIỀU XE'!$B$5:$B$604,"<="&$H$3)*$E$38,0)))
A49: =IF('THAM SỐ'!M11="","",'THAM SỐ'!M11) | B49: =IF(A49="","",COUNTIFS('LỆNH ĐIỀU XE'!$B$5:$B$604,">="&$F$3,'LỆNH ĐIỀU XE'!$B$5:$B$604,"<="&$H$3,'LỆNH ĐIỀU XE'!$F$5:$F$604,A49)) | C49: =IF(A49="","",SUMIFS('LỆNH ĐIỀU XE'!$J$5:$J$604,'LỆNH ĐIỀU XE'!$B$5:$B$604,">="&$F$3,'LỆNH ĐIỀU XE'!$B$5:$B$604,"<="&$H$3,'LỆNH ĐIỀU XE'!$F$5:$F$604,A49)) | D49: =IF(A49="","",SUMIFS('LỆNH ĐIỀU XE'!$M$5:$M$604,'LỆNH ĐIỀU XE'!$B$5:$B$604,">="&$F$3,'LỆNH ĐIỀU XE'!$B$5:$B$604,"<="&$H$3,'LỆNH ĐIỀU XE'!$F$5:$F$604,A49)) | E49: =IF(A49="","",IF(SUMIFS('LỆNH ĐIỀU XE'!$J$5:$J$604,'LỆNH ĐIỀU XE'!$B$5:$B$604,">="&$F$3,'LỆNH ĐIỀU XE'!$B$5:$B$604,"<="&$H$3)=0,0,ROUND(C49/SUMIFS('LỆNH ĐIỀU XE'!$J$5:$J$604,'LỆNH ĐIỀU XE'!$B$5:$B$604,">="&$F$3,'LỆNH ĐIỀU XE'!$B$5:$B$604,"<="&$H$3)*$E$38,0)))
A50: =IF('THAM SỐ'!M12="","",'THAM SỐ'!M12) | B50: =IF(A50="","",COUNTIFS('LỆNH ĐIỀU XE'!$B$5:$B$604,">="&$F$3,'LỆNH ĐIỀU XE'!$B$5:$B$604,"<="&$H$3,'LỆNH ĐIỀU XE'!$F$5:$F$604,A50)) | C50: =IF(A50="","",SUMIFS('LỆNH ĐIỀU XE'!$J$5:$J$604,'LỆNH ĐIỀU XE'!$B$5:$B$604,">="&$F$3,'LỆNH ĐIỀU XE'!$B$5:$B$604,"<="&$H$3,'LỆNH ĐIỀU XE'!$F$5:$F$604,A50)) | D50: =IF(A50="","",SUMIFS('LỆNH ĐIỀU XE'!$M$5:$M$604,'LỆNH ĐIỀU XE'!$B$5:$B$604,">="&$F$3,'LỆNH ĐIỀU XE'!$B$5:$B$604,"<="&$H$3,'LỆNH ĐIỀU XE'!$F$5:$F$604,A50)) | E50: =IF(A50="","",IF(SUMIFS('LỆNH ĐIỀU XE'!$J$5:$J$604,'LỆNH ĐIỀU XE'!$B$5:$B$604,">="&$F$3,'LỆNH ĐIỀU XE'!$B$5:$B$604,"<="&$H$3)=0,0,ROUND(C50/SUMIFS('LỆNH ĐIỀU XE'!$J$5:$J$604,'LỆNH ĐIỀU XE'!$B$5:$B$604,">="&$F$3,'LỆNH ĐIỀU XE'!$B$5:$B$604,"<="&$H$3)*$E$38,0)))
A51: =IF('THAM SỐ'!M13="","",'THAM SỐ'!M13) | B51: =IF(A51="","",COUNTIFS('LỆNH ĐIỀU XE'!$B$5:$B$604,">="&$F$3,'LỆNH ĐIỀU XE'!$B$5:$B$604,"<="&$H$3,'LỆNH ĐIỀU XE'!$F$5:$F$604,A51)) | C51: =IF(A51="","",SUMIFS('LỆNH ĐIỀU XE'!$J$5:$J$604,'LỆNH ĐIỀU XE'!$B$5:$B$604,">="&$F$3,'LỆNH ĐIỀU XE'!$B$5:$B$604,"<="&$H$3,'LỆNH ĐIỀU XE'!$F$5:$F$604,A51)) | D51: =IF(A51="","",SUMIFS('LỆNH ĐIỀU XE'!$M$5:$M$604,'LỆNH ĐIỀU XE'!$B$5:$B$604,">="&$F$3,'LỆNH ĐIỀU XE'!$B$5:$B$604,"<="&$H$3,'LỆNH ĐIỀU XE'!$F$5:$F$604,A51)) | E51: =IF(A51="","",IF(SUMIFS('LỆNH ĐIỀU XE'!$J$5:$J$604,'LỆNH ĐIỀU XE'!$B$5:$B$604,">="&$F$3,'LỆNH ĐIỀU XE'!$B$5:$B$604,"<="&$H$3)=0,0,ROUND(C51/SUMIFS('LỆNH ĐIỀU XE'!$J$5:$J$604,'LỆNH ĐIỀU XE'!$B$5:$B$604,">="&$F$3,'LỆNH ĐIỀU XE'!$B$5:$B$604,"<="&$H$3)*$E$38,0)))
A52: =IF('THAM SỐ'!M14="","",'THAM SỐ'!M14) | B52: =IF(A52="","",COUNTIFS('LỆNH ĐIỀU XE'!$B$5:$B$604,">="&$F$3,'LỆNH ĐIỀU XE'!$B$5:$B$604,"<="&$H$3,'LỆNH ĐIỀU XE'!$F$5:$F$604,A52)) | C52: =IF(A52="","",SUMIFS('LỆNH ĐIỀU XE'!$J$5:$J$604,'LỆNH ĐIỀU XE'!$B$5:$B$604,">="&$F$3,'LỆNH ĐIỀU XE'!$B$5:$B$604,"<="&$H$3,'LỆNH ĐIỀU XE'!$F$5:$F$604,A52)) | D52: =IF(A52="","",SUMIFS('LỆNH ĐIỀU XE'!$M$5:$M$604,'LỆNH ĐIỀU XE'!$B$5:$B$604,">="&$F$3,'LỆNH ĐIỀU XE'!$B$5:$B$604,"<="&$H$3,'LỆNH ĐIỀU XE'!$F$5:$F$604,A52)) | E52: =IF(A52="","",IF(SUMIFS('LỆNH ĐIỀU XE'!$J$5:$J$604,'LỆNH ĐIỀU XE'!$B$5:$B$604,">="&$F$3,'LỆNH ĐIỀU XE'!$B$5:$B$604,"<="&$H$3)=0,0,ROUND(C52/SUMIFS('LỆNH ĐIỀU XE'!$J$5:$J$604,'LỆNH ĐIỀU XE'!$B$5:$B$604,">="&$F$3,'LỆNH ĐIỀU XE'!$B$5:$B$604,"<="&$H$3)*$E$38,0)))
A53: =IF('THAM SỐ'!M15="","",'THAM SỐ'!M15) | B53: =IF(A53="","",COUNTIFS('LỆNH ĐIỀU XE'!$B$5:$B$604,">="&$F$3,'LỆNH ĐIỀU XE'!$B$5:$B$604,"<="&$H$3,'LỆNH ĐIỀU XE'!$F$5:$F$604,A53)) | C53: =IF(A53="","",SUMIFS('LỆNH ĐIỀU XE'!$J$5:$J$604,'LỆNH ĐIỀU XE'!$B$5:$B$604,">="&$F$3,'LỆNH ĐIỀU XE'!$B$5:$B$604,"<="&$H$3,'LỆNH ĐIỀU XE'!$F$5:$F$604,A53)) | D53: =IF(A53="","",SUMIFS('LỆNH ĐIỀU XE'!$M$5:$M$604,'LỆNH ĐIỀU XE'!$B$5:$B$604,">="&$F$3,'LỆNH ĐIỀU XE'!$B$5:$B$604,"<="&$H$3,'LỆNH ĐIỀU XE'!$F$5:$F$604,A53)) | E53: =IF(A53="","",IF(SUMIFS('LỆNH ĐIỀU XE'!$J$5:$J$604,'LỆNH ĐIỀU XE'!$B$5:$B$604,">="&$F$3,'LỆNH ĐIỀU XE'!$B$5:$B$604,"<="&$H$3)=0,0,ROUND(C53/SUMIFS('LỆNH ĐIỀU XE'!$J$5:$J$604,'LỆNH ĐIỀU XE'!$B$5:$B$604,">="&$F$3,'LỆNH ĐIỀU XE'!$B$5:$B$604,"<="&$H$3)*$E$38,0)))
A54: =IF('THAM SỐ'!M16="","",'THAM SỐ'!M16) | B54: =IF(A54="","",COUNTIFS('LỆNH ĐIỀU XE'!$B$5:$B$604,">="&$F$3,'LỆNH ĐIỀU XE'!$B$5:$B$604,"<="&$H$3,'LỆNH ĐIỀU XE'!$F$5:$F$604,A54)) | C54: =IF(A54="","",SUMIFS('LỆNH ĐIỀU XE'!$J$5:$J$604,'LỆNH ĐIỀU XE'!$B$5:$B$604,">="&$F$3,'LỆNH ĐIỀU XE'!$B$5:$B$604,"<="&$H$3,'LỆNH ĐIỀU XE'!$F$5:$F$604,A54)) | D54: =IF(A54="","",SUMIFS('LỆNH ĐIỀU XE'!$M$5:$M$604,'LỆNH ĐIỀU XE'!$B$5:$B$604,">="&$F$3,'LỆNH ĐIỀU XE'!$B$5:$B$604,"<="&$H$3,'LỆNH ĐIỀU XE'!$F$5:$F$604,A54)) | E54: =IF(A54="","",IF(SUMIFS('LỆNH ĐIỀU XE'!$J$5:$J$604,'LỆNH ĐIỀU XE'!$B$5:$B$604,">="&$F$3,'LỆNH ĐIỀU XE'!$B$5:$B$604,"<="&$H$3)=0,0,ROUND(C54/SUMIFS('LỆNH ĐIỀU XE'!$J$5:$J$604,'LỆNH ĐIỀU XE'!$B$5:$B$604,">="&$F$3,'LỆNH ĐIỀU XE'!$B$5:$B$604,"<="&$H$3)*$E$38,0)))
... A62: =IF('THAM SỐ'!M24="","",'THAM SỐ'!M24) | B62: =IF(A62="","",COUNTIFS('LỆNH ĐIỀU XE'!$B$5:$B$604,">="&$F$3,'LỆNH ĐIỀU XE'!$B$5:$B$604,"<="&$H$3,'LỆNH ĐIỀU XE'!$F$5:$F$604,A62)) | C62: =IF(A62="","",SUMIFS('LỆNH ĐIỀU XE'!$J$5:$J$604,'LỆNH ĐIỀU XE'!$B$5:$B$604,">="&$F$3,'LỆNH ĐIỀU XE'!$B$5:$B$604,"<="&$H$3,'LỆNH ĐIỀU XE'!$F$5:$F$604,A62)) | D62: =IF(A62="","",SUMIFS('LỆNH ĐIỀU XE'!$M$5:$M$604,'LỆNH ĐIỀU XE'!$B$5:$B$604,">="&$F$3,'LỆNH ĐIỀU XE'!$B$5:$B$604,"<="&$H$3,'LỆNH ĐIỀU XE'!$F$5:$F$604,A62)) | E62: =IF(A62="","",IF(SUMIFS('LỆNH ĐIỀU XE'!$J$5:$J$604,'LỆNH ĐIỀU XE'!$B$5:$B$604,">="&$F$3,'LỆNH ĐIỀU XE'!$B$5:$B$604,"<="&$H$3)=0,0,ROUND(C62/SUMIFS('LỆNH ĐIỀU XE'!$J$5:$J$604,'LỆNH ĐIỀU XE'!$B$5:$B$604,">="&$F$3,'LỆNH ĐIỀU XE'!$B$5:$B$604,"<="&$H$3)*$E$38,0)))
A64: LỊCH XE VÀ TÀI XẾ
A65: Hạng mục QUÁ HẠN | B65: =COUNTIF('LỊCH XE - TÀI XẾ'!$K$5:$K$44,"QUÁ HẠN") -> 0
A66: Hạng mục sắp đến hạn | B66: =COUNTIF('LỊCH XE - TÀI XẾ'!$K$5:$K$44,"Sắp đến hạn") -> 0
A67: Hạng mục chưa nhập ngày | B67: =COUNTIF('LỊCH XE - TÀI XẾ'!$K$5:$K$44,"Chưa nhập") -> 19

Sheet THAM SỐ
A1: THAM SỐ HỆ THỐNG
A2: Ô xanh nhạt = được sửa. Mọi ngưỡng, định mức, đơn giá trong file đều lấy từ sheet này.
A3: 1. DANH SÁCH XE | I3: 5. DANH MỤC CHỌN
A4: Biển số | B4: Tên xe | C4: Hệ điện | D4: Định mức lăn bánh (L/100km) | E4: Định mức nổ máy đứng yên (L/giờ) | F4: Tải cho phép (kg) | G4: Ghi chú | I4: Loại chuyến | J4: Nhóm sổ | K4: Loại sự việc / chi phí | L4: Thời điểm lập lệnh | M4: Công trình / Dự án
A5: 51D98246 | B5: HINO XZU650L | C5: 24V | D5: 10 | E5: 2 | F5: 1750 | G5: Trọng tải theo cà vẹt 1.750 kg. Máy nổ thật khi điện áp bình từ 26V | I5: Trung chuyển kho | J5: Sự cố xe | K5: Nổ lốp | L5: Trước chuyến | M5: Trung chuyển kho
A6: 51D69998 | B6: ISUZU QKR77 | C6: 12V | D6: 9 | E6: 2 | F6: 1900 | G6: CẦN XÁC NHẬN tải cho phép theo giấy đăng kiểm (đang tạm ghi 1.900 kg) | I6: Rải vật tư công trình | J6: Vi phạm | K6: Hỏng máy - điện | L6: Bổ sung trong ngày | M6: Nippon Đức Tài
G7: Dự phòng xe thứ 3 | I7: Giao hàng dự án | J7: Chi phí | K7: Va chạm | L7: Lập bù | M7: POSM CENTURY 2026
I8: Khác | K8: Phạt nguội | M8: Galaxy
A9: 2. DANH SÁCH TÀI XẾ | K9: Phản ánh của khách
A10: Tên tài xế | B10: Xe chính | C10: Hạng GPLX | D10: Ghi chú | K10: Phí đường - ePass
A11: Nguyễn Chí Cang | B11: 51D98246 | C11: B2 | D11: Thử việc từ 17/09/2026 | K11: Bảo dưỡng
A12: Khải | B12: 51D69998 | D12: Làm từ 15/09/2026 | K12: Sửa chữa
K13: Lốp
K14: Đăng kiểm - Bảo hiểm
K15: Gửi xe - bến bãi
A16: 3. ĐƠN GIÁ TĂNG CA (đ/giờ) | K16: Khác
A17: Khung giờ | B17: Đơn giá
A18: 04h–08h | B18: 75000 | C18: Đơn giá do chị cung cấp 09/2026
A19: 17h–22h | B19: 50000
A20: 22h–24h | B20: 75000
A21: 24h–04h | B21: 100000
A23: 4. NGƯỠNG CẢNH BÁO
A24: Ngưỡng | B24: Giá trị | C24: Giải thích
A25: Giờ lái tối đa / ngày | B25: 10 | C25: Giới hạn giờ lái trong ngày (kiểm lại quy định hiện hành)
A26: Giờ lái tối đa / tuần | B26: 48 | C26: Giới hạn giờ lái trong tuần (kiểm lại quy định hiện hành)
A27: Giờ có mặt cảnh báo / ngày | B27: 12 | C27: Từ mở máy đầu đến tắt máy cuối
A28: Lệch km cho phép so với lệnh | B28: 0.15 | C28: Km GPS so với km dự kiến trên lệnh
A29: Trễ giờ về cho phép (phút) | B29: 30 | C29: Quy ước lệch quá 30 phút = không hợp lệ
A30: Lệch dầu hóa đơn so với GPS | B30: 0.1 | C30: Cảm biến đang lệch khoảng 8% - hiệu chuẩn xong thì hạ ngưỡng
A31: Cảnh báo lịch trước (ngày) | B31: 30 | C31: Đăng kiểm, bảo hiểm, GPLX...
A32: Cảnh báo bảo dưỡng trước (km) | B32: 500 | C32: Hạng mục theo dõi bằng km
A33: Tỉ lệ lăn bánh tối thiểu | B33: 0.5 | C33: Giờ lăn bánh / giờ có mặt
A34: Số lần dừng >10 phút không tắt máy cho phép / tuần | B34: 0 | C34: Dùng cho điểm tuân thủ tuần
